-- phpMyAdmin SQL Dump
-- version 4.9.1
-- https://www.phpmyadmin.net/
--
-- Hôte : db
-- Généré le :  lun. 07 oct. 2019 à 09:59
-- Version du serveur :  10.3.15-MariaDB-1:10.3.15+maria~bionic-log
-- Version de PHP :  7.2.22

SET SQL_MODE = "NO_AUTO_VALUE_ON_ZERO";
SET AUTOCOMMIT = 0;
START TRANSACTION;
SET time_zone = "+00:00";


/*!40101 SET @OLD_CHARACTER_SET_CLIENT=@@CHARACTER_SET_CLIENT */;
/*!40101 SET @OLD_CHARACTER_SET_RESULTS=@@CHARACTER_SET_RESULTS */;
/*!40101 SET @OLD_COLLATION_CONNECTION=@@COLLATION_CONNECTION */;
/*!40101 SET NAMES utf8mb4 */;

--
-- Base de données :  `api`
--

-- --------------------------------------------------------

--
-- Structure de la table `associates`
--

DROP TABLE IF EXISTS `associates`;
CREATE TABLE `associates` (
  `id` bigint(20) NOT NULL,
  `firstname` varchar(32) NOT NULL,
  `name` varchar(32) NOT NULL,
  `trig` varchar(4) NOT NULL,
  `idUsers` bigint(20) DEFAULT NULL,
  `email` varchar(64) DEFAULT NULL,
  `contactNumber` varchar(64) DEFAULT NULL,
  `address` text DEFAULT NULL,
  `idAssociateStatus` bigint(20) NOT NULL COMMENT '1=actif/employee,2=inactif,9=archive',
  `startDate` date DEFAULT NULL,
  `endDate` date NOT NULL DEFAULT '2099-12-31',
  `creationDateTime` timestamp NOT NULL DEFAULT current_timestamp(),
  `createdBy` bigint(20) DEFAULT NULL,
  `lastUpdateDateTime` timestamp NOT NULL DEFAULT current_timestamp(),
  `lastUpdateBy` bigint(20) DEFAULT NULL
) ENGINE=InnoDB DEFAULT CHARSET=utf8 COMMENT='Accosiates of Digital Associate';

--
-- Déchargement des données de la table `associates`
--

INSERT INTO `associates` (`id`, `firstname`, `name`, `trig`, `idUsers`, `email`, `contactNumber`, `address`, `idAssociateStatus`, `startDate`, `endDate`, `creationDateTime`, `createdBy`, `lastUpdateDateTime`, `lastUpdateBy`) VALUES
(3, 'Alexandre', 'Oblet', 'AOB', NULL, NULL, NULL, NULL, 1, NULL, '2099-12-31', '2019-08-06 13:48:21', 1, '2019-08-06 13:48:21', 1),
(4, 'Aicha', 'Revel', 'ARE', NULL, NULL, NULL, NULL, 1, NULL, '2099-12-31', '2019-08-06 13:48:22', 1, '2019-08-06 13:48:22', 1),
(6, 'Céline', 'Broussan', 'CBN', 23, NULL, '00331056603', NULL, 5, NULL, '2099-12-31', '2019-08-06 13:48:22', 1, '2019-10-05 20:19:58', 1),
(7, 'Céline', 'César', 'CCE', 38, 'aaa@aa.a', '13245679', NULL, 5, NULL, '2099-12-31', '2019-08-06 13:48:22', 1, '2019-08-26 14:52:35', 1),
(8, 'Christophe', 'Marraillac', 'CMA', 53, NULL, NULL, NULL, 5, NULL, '2099-12-31', '2019-08-06 13:48:22', 1, '2019-08-28 21:22:45', 1),
(9, 'Clémentine', 'Martin', 'CMN', 62, 'axsa@sas.sa', '101233', 'zc5  d5d1 cdcqs3qs ', 6, NULL, '2099-12-31', '2019-08-06 13:48:22', 1, '2019-10-05 20:27:35', 1),
(13, 'David', 'Vellar', 'DVE', NULL, NULL, NULL, NULL, 1, NULL, '2099-12-31', '2019-08-06 13:48:22', 1, '2019-08-06 13:48:22', 1),
(14, 'Eric', 'Pochon', 'EPO', NULL, NULL, NULL, NULL, 1, NULL, '2099-12-31', '2019-08-06 13:48:22', 1, '2019-08-06 13:48:22', 1),
(15, 'Gaël', 'Rouzic', 'GRO', NULL, NULL, NULL, NULL, 1, NULL, '2099-12-31', '2019-08-06 13:48:22', 1, '2019-08-06 13:48:22', 1),
(17, 'Isabelle', 'Orven', 'IOR', NULL, NULL, NULL, NULL, 1, NULL, '2099-12-31', '2019-08-06 13:48:22', 1, '2019-08-06 13:48:22', 1),
(18, 'Léa', 'Baillard', 'LBA', 37, '', '', '', 5, NULL, '2099-12-31', '2019-08-06 13:48:22', 1, '2019-08-31 23:01:44', 1),
(19, 'Mathieu', 'Beau', 'MBE', 2, 'mathieu.beau@gmail.com', '0763035181', '1 rue du lac, 86190 Poitiers', 5, NULL, '2099-12-31', '2019-08-06 13:48:22', 1, '2019-08-26 14:59:54', 1),
(24, 'Nathalie', 'Rialland', 'NRI', NULL, NULL, NULL, NULL, 1, NULL, '2099-12-31', '2019-08-06 13:48:23', 1, '2019-08-06 13:48:23', 1),
(27, 'Pierrick', 'Merlet', 'PME', 61, 'dcd@cdcd.cd', '11033216580', 's1 12d33d  dsdsd zaz d', 5, NULL, '2099-12-31', '2019-08-06 13:48:23', 1, '2019-10-05 20:28:17', 1),
(30, 'Sébastien', 'Normand', 'SNO', NULL, NULL, NULL, NULL, 1, NULL, '2099-12-31', '2019-08-06 13:48:23', 1, '2019-08-06 13:48:23', 1),
(31, 'Samuel', 'Rambaud', 'SRA', NULL, NULL, NULL, NULL, 1, NULL, '2099-12-31', '2019-08-06 13:48:23', 1, '2019-08-06 13:48:23', 1),
(32, 'Thomas', 'Litrol', 'TLI', 58, NULL, NULL, NULL, 5, NULL, '2099-12-31', '2019-08-06 13:48:23', 1, '2019-09-02 20:37:13', 1),
(34, 'Vincent', 'Dalgé', 'VDA', 54, 'a@aa.a', NULL, NULL, 5, NULL, '2099-12-31', '2019-08-06 13:48:23', 1, '2019-08-26 14:44:35', 1);

-- --------------------------------------------------------

--
-- Structure de la table `element`
--

DROP TABLE IF EXISTS `element`;
CREATE TABLE `element` (
  `id` bigint(20) NOT NULL,
  `idLineDef` bigint(20) NOT NULL,
  `idAssociates` bigint(20) NOT NULL,
  `refLabel` varchar(45) NOT NULL,
  `year` int(4) NOT NULL,
  `value` decimal(12,2) NOT NULL DEFAULT 0.00,
  `source` varchar(45) DEFAULT NULL,
  `dateValueDate` date NOT NULL,
  `dateRealDate` date NOT NULL,
  `isReadonly` tinyint(4) NOT NULL DEFAULT 0,
  `creationDateTime` timestamp NOT NULL DEFAULT current_timestamp(),
  `createdBy` bigint(20) DEFAULT NULL,
  `lastUpdateDateTime` timestamp NOT NULL DEFAULT current_timestamp(),
  `lastUpdateBy` bigint(20) DEFAULT NULL,
  `idHidden` tinyint(4) DEFAULT 0
) ENGINE=InnoDB DEFAULT CHARSET=utf8mb4;

--
-- Déchargement des données de la table `element`
--

INSERT INTO `element` (`id`, `idLineDef`, `idAssociates`, `refLabel`, `year`, `value`, `source`, `dateValueDate`, `dateRealDate`, `isReadonly`, `creationDateTime`, `createdBy`, `lastUpdateDateTime`, `lastUpdateBy`, `idHidden`) VALUES
(1, 7, 8, '201807', 2018, '-7680.00', 'import', '2018-07-01', '2018-07-01', 0, '2019-09-25 23:10:29', 1, '2019-09-25 23:10:29', 1, 0),
(2, 11, 8, '201807', 2018, '-307.20', 'import', '2018-07-01', '2018-07-01', 0, '2019-09-25 23:12:49', 1, '2019-09-25 23:12:49', 1, 0),
(3, 12, 8, '201807', 2018, '57.72', 'import', '2018-07-01', '2018-07-01', 0, '2019-09-25 23:12:53', 1, '2019-09-25 23:12:53', 1, 0),
(4, 14, 8, '201807', 2018, '404.81', 'import', '2018-07-01', '2018-07-01', 0, '2019-09-25 23:12:56', 1, '2019-09-25 23:12:56', 1, 0),
(5, 16, 8, '201807', 2018, '34.41', 'import', '2018-07-01', '2018-07-01', 0, '2019-09-25 23:13:01', 1, '2019-09-25 23:13:01', 1, 0),
(6, 17, 8, '201807', 2018, '5.38', 'import', '2018-07-01', '2018-07-01', 0, '2019-09-25 23:13:02', 1, '2019-09-25 23:13:02', 1, 0),
(7, 18, 8, '201807', 2018, '5185.50', 'import', '2018-07-01', '2018-07-01', 0, '2019-09-25 23:13:18', 1, '2019-09-25 23:13:18', 1, 0),
(8, 19, 8, '201807', 2018, '776.58', 'import', '2018-07-01', '2018-07-01', 0, '2019-09-25 23:13:19', 1, '2019-09-25 23:30:19', 1, 0),
(9, 7, 8, 'TOTAL', 2018, '45120.00', 'calculated', '2019-06-30', '2019-06-30', 1, '2019-09-25 23:23:32', 1, '2019-09-26 00:15:28', 1, 0),
(10, 11, 8, 'TOTAL', 2018, '1804.80', 'calculated', '2019-06-30', '2019-06-30', 1, '2019-09-25 23:23:32', 1, '2019-09-26 00:15:28', 1, 0),
(11, 12, 8, 'TOTAL', 2018, '461.76', 'calculated', '2019-06-30', '2019-06-30', 1, '2019-09-25 23:23:32', 1, '2019-09-26 00:15:37', 1, 0),
(12, 14, 8, 'TOTAL', 2018, '892.43', 'calculated', '2019-06-30', '2019-06-30', 1, '2019-09-25 23:23:32', 1, '2019-09-25 23:35:33', 1, 0),
(13, 16, 8, 'TOTAL', 2018, '275.28', 'calculated', '2019-06-30', '2019-06-30', 1, '2019-09-25 23:23:32', 1, '2019-09-26 00:15:37', 1, 0),
(14, 17, 8, 'TOTAL', 2018, '43.04', 'calculated', '2019-06-30', '2019-06-30', 1, '2019-09-25 23:23:32', 1, '2019-09-26 00:15:37', 1, 0),
(15, 18, 8, 'TOTAL', 2018, '49794.71', 'calculated', '2019-06-30', '2019-06-30', 1, '2019-09-25 23:23:33', 1, '2019-09-26 00:15:37', 1, 0),
(16, 19, 8, 'TOTAL', 2018, '6811.80', 'calculated', '2019-06-30', '2019-06-30', 1, '2019-09-25 23:23:33', 1, '2019-09-26 00:15:37', 1, 0),
(17, 7, 8, '201808', 2018, '17520.00', 'import', '2018-08-01', '2018-08-01', 0, '2019-09-25 23:31:38', 1, '2019-09-25 23:31:38', 1, 0),
(18, 11, 8, '201808', 2018, '700.80', 'import', '2018-08-01', '2018-08-01', 0, '2019-09-25 23:31:38', 1, '2019-09-25 23:31:38', 1, 0),
(19, 12, 8, '201808', 2018, '57.72', 'import', '2018-08-01', '2018-08-01', 0, '2019-09-25 23:31:39', 1, '2019-09-25 23:31:39', 1, 0),
(20, 14, 8, '201808', 2018, '404.81', 'import', '2018-08-01', '2018-08-01', 0, '2019-09-25 23:31:39', 1, '2019-09-25 23:31:39', 1, 0),
(21, 16, 8, '201808', 2018, '34.41', 'import', '2018-08-01', '2018-08-01', 0, '2019-09-25 23:31:39', 1, '2019-09-25 23:31:39', 1, 0),
(22, 17, 8, '201808', 2018, '5.38', 'import', '2018-08-01', '2018-08-01', 0, '2019-09-25 23:31:39', 1, '2019-09-25 23:31:39', 1, 0),
(23, 18, 8, '201808', 2018, '5185.50', 'import', '2018-08-01', '2018-08-01', 0, '2019-09-25 23:31:39', 1, '2019-09-25 23:31:39', 1, 0),
(24, 19, 8, '201808', 2018, '776.58', 'import', '2018-08-01', '2018-08-01', 0, '2019-09-25 23:31:39', 1, '2019-09-25 23:33:17', 1, 0),
(25, 7, 8, '201809', 2018, '3840.00', 'import', '2018-09-01', '2018-09-01', 0, '2019-09-25 23:35:31', 1, '2019-09-25 23:35:31', 1, 0),
(26, 11, 8, '201809', 2018, '153.60', 'import', '2018-09-01', '2018-09-01', 0, '2019-09-25 23:35:32', 1, '2019-09-25 23:35:32', 1, 0),
(27, 12, 8, '201809', 2018, '57.72', 'import', '2018-09-01', '2018-09-01', 0, '2019-09-25 23:35:32', 1, '2019-09-25 23:35:32', 1, 0),
(28, 14, 8, '201809', 2018, '82.81', 'import', '2018-09-01', '2018-09-01', 0, '2019-09-25 23:35:32', 1, '2019-09-25 23:35:32', 1, 0),
(29, 16, 8, '201809', 2018, '34.41', 'import', '2018-09-01', '2018-09-01', 0, '2019-09-25 23:35:32', 1, '2019-09-25 23:35:32', 1, 0),
(30, 17, 8, '201809', 2018, '5.38', 'import', '2018-09-01', '2018-09-01', 0, '2019-09-25 23:35:32', 1, '2019-09-25 23:35:32', 1, 0),
(31, 18, 8, '201809', 2018, '5185.50', 'import', '2018-09-01', '2018-09-01', 0, '2019-09-25 23:35:32', 1, '2019-09-25 23:35:32', 1, 0),
(32, 19, 8, '201809', 2018, '776.58', 'import', '2018-09-01', '2018-09-01', 0, '2019-09-25 23:35:32', 1, '2019-09-25 23:35:32', 1, 0),
(37, 20, 8, '201807', 2018, '5967.46', 'calculated', '2018-07-01', '2018-07-01', 0, '2019-09-25 23:43:49', 1, '2019-09-25 23:43:49', 1, 0),
(41, 8, 8, 'TOTAL', -1, '0.30', 'calculated', '0000-06-30', '0000-06-30', 1, '2019-09-25 23:53:33', 1, '2019-09-25 23:53:33', 1, 0),
(42, 8, 8, 'TOTAL', 2018, '0.30', 'calculated', '2019-06-30', '2019-06-30', 1, '2019-09-25 23:54:54', 1, '2019-09-25 23:54:54', 1, 0),
(43, 9, 8, '201807', 2018, '-7680.00', 'calculated', '2018-07-01', '2018-07-01', 1, '2019-09-25 23:55:12', 1, '2019-09-26 00:13:57', 1, 0),
(44, 9, 8, '201808', 2018, '17520.00', 'calculated', '2018-08-01', '2018-08-01', 1, '2019-09-25 23:55:12', 1, '2019-09-26 00:13:58', 1, 0),
(45, 9, 8, '201809', 2018, '3840.00', 'calculated', '2018-09-01', '2018-09-01', 1, '2019-09-25 23:55:12', 1, '2019-09-26 00:13:58', 1, 0),
(46, 9, 8, 'TOTAL', 2018, '45120.00', 'calculated', '2019-06-30', '2019-06-30', 1, '2019-09-25 23:55:12', 1, '2019-09-26 00:15:28', 1, 0),
(47, 20, 8, '201808', 2018, '5967.46', 'calculated', '2018-08-01', '2018-08-01', 0, '2019-09-26 00:13:08', 1, '2019-09-26 00:13:08', 1, 0),
(48, 20, 8, '201809', 2018, '5967.46', 'calculated', '2018-09-01', '2018-09-01', 0, '2019-09-26 00:13:08', 1, '2019-09-26 00:13:08', 1, 0),
(49, 20, 8, 'TOTAL', 2018, '56649.55', 'calculated', '2019-06-30', '2019-06-30', 1, '2019-09-26 00:13:08', 1, '2019-09-26 00:15:38', 1, 0),
(50, 15, 8, '201807', 2018, '155.33', 'calculated', '2018-07-01', '2018-07-01', 1, '2019-09-26 00:14:14', 1, '2019-09-26 00:14:14', 1, 0),
(51, 15, 8, '201808', 2018, '1163.33', 'calculated', '2018-08-01', '2018-08-01', 1, '2019-09-26 00:14:14', 1, '2019-09-26 00:14:14', 1, 0),
(52, 15, 8, '201809', 2018, '294.13', 'calculated', '2018-09-01', '2018-09-01', 1, '2019-09-26 00:14:15', 1, '2019-09-26 00:14:15', 1, 0),
(53, 15, 8, 'TOTAL', 2018, '3158.99', 'calculated', '2019-06-30', '2019-06-30', 1, '2019-09-26 00:14:15', 1, '2019-09-26 00:15:37', 1, 0),
(54, 21, 8, '201807', 2018, '-7487.54', 'calculated', '2018-07-01', '2018-07-01', 0, '2019-09-26 00:14:26', 1, '2019-09-26 00:14:26', 1, 0),
(55, 21, 8, '201808', 2018, '18720.46', 'calculated', '2018-08-01', '2018-08-01', 0, '2019-09-26 00:14:26', 1, '2019-09-26 00:14:26', 1, 0),
(56, 21, 8, '201809', 2018, '4171.26', 'calculated', '2018-09-01', '2018-09-01', 0, '2019-09-26 00:14:26', 1, '2019-09-26 00:14:26', 1, 0),
(57, 21, 8, 'TOTAL', 2018, '6378.76', 'calculated', '2019-06-30', '2019-06-30', 1, '2019-09-26 00:14:26', 1, '2019-09-26 00:19:53', 1, 0),
(58, 7, 8, '201810', 2018, '16800.00', 'import', '2018-10-01', '2018-10-01', 0, '2019-09-26 00:15:16', 1, '2019-09-26 00:15:16', 1, 0),
(59, 9, 8, '201810', 2018, '16800.00', 'import', '2018-10-01', '2018-10-01', 0, '2019-09-26 00:15:16', 1, '2019-09-26 00:15:16', 1, 0),
(60, 11, 8, '201810', 2018, '672.00', 'import', '2018-10-01', '2018-10-01', 0, '2019-09-26 00:15:16', 1, '2019-09-26 00:15:16', 1, 0),
(61, 12, 8, '201810', 2018, '57.72', 'import', '2018-10-01', '2018-10-01', 0, '2019-09-26 00:15:16', 1, '2019-09-26 00:15:16', 1, 0),
(62, 15, 8, '201810', 2018, '729.72', 'import', '2018-10-01', '2018-10-01', 0, '2019-09-26 00:15:16', 1, '2019-09-26 00:15:16', 1, 0),
(63, 16, 8, '201810', 2018, '34.41', 'import', '2018-10-01', '2018-10-01', 0, '2019-09-26 00:15:16', 1, '2019-09-26 00:15:16', 1, 0),
(64, 17, 8, '201810', 2018, '5.38', 'import', '2018-10-01', '2018-10-01', 0, '2019-09-26 00:15:17', 1, '2019-09-26 00:15:17', 1, 0),
(65, 18, 8, '201810', 2018, '5700.82', 'import', '2018-10-01', '2018-10-01', 0, '2019-09-26 00:15:17', 1, '2019-09-26 00:15:17', 1, 0),
(66, 19, 8, '201810', 2018, '779.46', 'import', '2018-10-01', '2018-10-01', 0, '2019-09-26 00:15:17', 1, '2019-09-26 00:19:59', 1, 0),
(67, 20, 8, '201810', 2018, '6485.66', 'import', '2018-10-01', '2018-10-01', 0, '2019-09-26 00:15:17', 1, '2019-09-26 00:19:59', 1, 0),
(68, 7, 8, '201811', 2018, '8640.00', 'import', '2018-11-01', '2018-11-01', 0, '2019-09-26 00:15:22', 1, '2019-09-26 00:15:22', 1, 0),
(69, 9, 8, '201811', 2018, '8640.00', 'import', '2018-11-01', '2018-11-01', 0, '2019-09-26 00:15:22', 1, '2019-09-26 00:15:22', 1, 0),
(70, 11, 8, '201811', 2018, '345.60', 'import', '2018-11-01', '2018-11-01', 0, '2019-09-26 00:15:22', 1, '2019-09-26 00:15:22', 1, 0),
(71, 12, 8, '201811', 2018, '57.72', 'import', '2018-11-01', '2018-11-01', 0, '2019-09-26 00:15:22', 1, '2019-09-26 00:15:22', 1, 0),
(72, 15, 8, '201811', 2018, '403.32', 'import', '2018-11-01', '2018-11-01', 0, '2019-09-26 00:15:22', 1, '2019-09-26 00:15:22', 1, 0),
(73, 16, 8, '201811', 2018, '34.41', 'import', '2018-11-01', '2018-11-01', 0, '2019-09-26 00:15:23', 1, '2019-09-26 00:15:23', 1, 0),
(74, 17, 8, '201811', 2018, '5.38', 'import', '2018-11-01', '2018-11-01', 0, '2019-09-26 00:15:23', 1, '2019-09-26 00:15:23', 1, 0),
(75, 18, 8, '201811', 2018, '5700.82', 'import', '2018-11-01', '2018-11-01', 0, '2019-09-26 00:15:23', 1, '2019-09-26 00:15:23', 1, 0),
(76, 19, 8, '201811', 2018, '779.46', 'import', '2018-11-01', '2018-11-01', 0, '2019-09-26 00:15:23', 1, '2019-09-26 00:19:42', 1, 0),
(77, 20, 8, '201811', 2018, '6485.66', 'import', '2018-11-01', '2018-11-01', 0, '2019-09-26 00:15:23', 1, '2019-09-26 00:19:43', 1, 0),
(78, 7, 8, '201812', 2018, '6000.00', 'import', '2018-12-01', '2018-12-01', 0, '2019-09-26 00:15:27', 1, '2019-09-26 00:15:27', 1, 0),
(79, 9, 8, '201812', 2018, '6000.00', 'import', '2018-12-01', '2018-12-01', 0, '2019-09-26 00:15:27', 1, '2019-09-26 00:15:27', 1, 0),
(80, 11, 8, '201812', 2018, '240.00', 'import', '2018-12-01', '2018-12-01', 0, '2019-09-26 00:15:27', 1, '2019-09-26 00:15:27', 1, 0),
(81, 12, 8, '201812', 2018, '57.72', 'import', '2018-12-01', '2018-12-01', 0, '2019-09-26 00:15:27', 1, '2019-09-26 00:15:27', 1, 0),
(82, 15, 8, '201812', 2018, '297.72', 'import', '2018-12-01', '2018-12-01', 0, '2019-09-26 00:15:27', 1, '2019-09-26 00:15:27', 1, 0),
(83, 16, 8, '201812', 2018, '34.41', 'import', '2018-12-01', '2018-12-01', 0, '2019-09-26 00:15:27', 1, '2019-09-26 00:15:27', 1, 0),
(84, 17, 8, '201812', 2018, '5.38', 'import', '2018-12-01', '2018-12-01', 0, '2019-09-26 00:15:27', 1, '2019-09-26 00:15:27', 1, 0),
(85, 18, 8, '201812', 2018, '9339.57', 'import', '2018-12-01', '2018-12-01', 0, '2019-09-26 00:15:27', 1, '2019-09-26 00:15:27', 1, 0),
(86, 19, 8, '201812', 2018, '1342.44', 'import', '2018-12-01', '2018-12-01', 0, '2019-09-26 00:15:27', 1, '2019-09-26 00:19:23', 1, 0),
(87, 20, 8, '201812', 2018, '10687.39', 'import', '2018-12-01', '2018-12-01', 0, '2019-09-26 00:15:27', 1, '2019-09-26 00:19:24', 1, 0),
(88, 12, 8, '201901', 2018, '57.72', 'import', '2019-01-01', '2019-01-01', 0, '2019-09-26 00:15:31', 1, '2019-09-26 00:15:31', 1, 0),
(89, 15, 8, '201901', 2018, '57.72', 'import', '2019-01-01', '2019-01-01', 0, '2019-09-26 00:15:31', 1, '2019-09-26 00:15:31', 1, 0),
(90, 16, 8, '201901', 2018, '34.41', 'import', '2019-01-01', '2019-01-01', 0, '2019-09-26 00:15:31', 1, '2019-09-26 00:15:31', 1, 0),
(91, 17, 8, '201901', 2018, '5.38', 'import', '2019-01-01', '2019-01-01', 0, '2019-09-26 00:15:31', 1, '2019-09-26 00:15:31', 1, 0),
(92, 18, 8, '201901', 2018, '6748.50', 'import', '2019-01-01', '2019-01-01', 0, '2019-09-26 00:15:32', 1, '2019-09-26 00:15:32', 1, 0),
(93, 19, 8, '201901', 2018, '790.35', 'import', '2019-01-01', '2019-01-01', 0, '2019-09-26 00:15:32', 1, '2019-09-26 00:19:07', 1, 0),
(94, 20, 8, '201901', 2018, '7544.23', 'import', '2019-01-01', '2019-01-01', 0, '2019-09-26 00:15:32', 1, '2019-09-26 00:19:07', 1, 0),
(95, 12, 8, '201902', 2018, '57.72', 'import', '2019-02-01', '2019-02-01', 0, '2019-09-26 00:15:35', 1, '2019-09-26 00:15:35', 1, 0),
(96, 15, 8, '201902', 2018, '57.72', 'import', '2019-02-01', '2019-02-01', 0, '2019-09-26 00:15:36', 1, '2019-09-26 00:15:36', 1, 0),
(97, 16, 8, '201902', 2018, '34.41', 'import', '2019-02-01', '2019-02-01', 0, '2019-09-26 00:15:36', 1, '2019-09-26 00:15:36', 1, 0),
(98, 17, 8, '201902', 2018, '5.38', 'import', '2019-02-01', '2019-02-01', 0, '2019-09-26 00:15:36', 1, '2019-09-26 00:15:36', 1, 0),
(99, 18, 8, '201902', 2018, '6748.50', 'import', '2019-02-01', '2019-02-01', 0, '2019-09-26 00:15:36', 1, '2019-09-26 00:15:36', 1, 0),
(100, 19, 8, '201902', 2018, '790.35', 'import', '2019-02-01', '2019-02-01', 0, '2019-09-26 00:15:36', 1, '2019-09-26 00:18:28', 1, 0),
(101, 20, 8, '201902', 2018, '7544.23', 'import', '2019-02-01', '2019-02-01', 0, '2019-09-26 00:15:37', 1, '2019-09-26 00:18:28', 1, 0),
(102, 15, 8, 'TOTAL', 2018, '3158.99', 'calculated', '2019-06-30', '2019-06-30', 1, '2019-09-26 00:15:47', 1, '2019-09-26 00:18:23', 1, 0),
(103, 21, 8, '201810', 2018, '9550.21', 'import', '2018-10-01', '2018-10-01', 0, '2019-09-26 00:15:55', 1, '2019-09-26 00:19:59', 1, 0),
(104, 21, 8, '201811', 2018, '1716.61', 'import', '2018-11-01', '2018-11-01', 0, '2019-09-26 00:15:55', 1, '2019-09-26 00:19:43', 1, 0),
(105, 21, 8, '201812', 2018, '-5019.52', 'import', '2018-12-01', '2018-12-01', 0, '2019-09-26 00:15:55', 1, '2019-09-26 00:19:24', 1, 0),
(106, 21, 8, '201901', 2018, '-7636.36', 'import', '2019-01-01', '2019-01-01', 0, '2019-09-26 00:15:55', 1, '2019-09-26 00:19:07', 1, 0),
(107, 21, 8, '201902', 2018, '-7636.36', 'import', '2019-02-01', '2019-02-01', 0, '2019-09-26 00:15:56', 1, '2019-09-26 00:18:29', 1, 0),
(108, 12, 32, '201902', 2018, '57.72', 'import', '2019-02-01', '2019-02-01', 0, '2019-09-26 00:18:25', 1, '2019-09-26 00:18:25', 1, 0),
(109, 15, 32, '201902', 2018, '57.72', 'import', '2019-02-01', '2019-02-01', 0, '2019-09-26 00:18:26', 1, '2019-09-26 00:18:26', 1, 0),
(110, 16, 32, '201902', 2018, '34.41', 'import', '2019-02-01', '2019-02-01', 0, '2019-09-26 00:18:26', 1, '2019-09-26 00:18:26', 1, 0),
(111, 17, 32, '201902', 2018, '5.38', 'import', '2019-02-01', '2019-02-01', 0, '2019-09-26 00:18:26', 1, '2019-09-26 00:18:26', 1, 0),
(112, 18, 32, '201902', 2018, '4833.27', 'import', '2019-02-01', '2019-02-01', 0, '2019-09-26 00:18:26', 1, '2019-09-26 00:18:26', 1, 0),
(113, 19, 32, '201902', 2018, '766.85', 'import', '2019-02-01', '2019-02-01', 0, '2019-09-26 00:18:26', 1, '2019-09-26 00:18:29', 1, 0),
(114, 20, 32, '201902', 2018, '5605.50', 'import', '2019-02-01', '2019-02-01', 0, '2019-09-26 00:18:26', 1, '2019-09-26 00:18:29', 1, 0),
(115, 21, 32, '201902', 2018, '-5697.63', 'import', '2019-02-01', '2019-02-01', 0, '2019-09-26 00:18:26', 1, '2019-09-26 00:18:29', 1, 0),
(116, 12, 32, 'TOTAL', 2018, '288.60', 'calculated', '2019-06-30', '2019-06-30', 1, '2019-09-26 00:18:27', 1, '2019-09-26 00:19:57', 1, 0),
(117, 15, 32, 'TOTAL', 2018, '4242.86', 'calculated', '2019-06-30', '2019-06-30', 1, '2019-09-26 00:18:27', 1, '2019-09-26 00:19:57', 1, 0),
(118, 16, 32, 'TOTAL', 2018, '172.05', 'calculated', '2019-06-30', '2019-06-30', 1, '2019-09-26 00:18:27', 1, '2019-09-26 00:19:57', 1, 0),
(119, 17, 32, 'TOTAL', 2018, '26.90', 'calculated', '2019-06-30', '2019-06-30', 1, '2019-09-26 00:18:27', 1, '2019-09-26 00:19:57', 1, 0),
(120, 18, 32, 'TOTAL', 2018, '25002.64', 'calculated', '2019-06-30', '2019-06-30', 1, '2019-09-26 00:18:27', 1, '2019-09-26 00:19:57', 1, 0),
(121, 19, 32, 'TOTAL', 2018, '3834.25', 'calculated', '2019-06-30', '2019-06-30', 1, '2019-09-26 00:18:27', 1, '2019-09-26 00:19:57', 1, 0),
(122, 20, 32, 'TOTAL', 2018, '28863.79', 'calculated', '2019-06-30', '2019-06-30', 1, '2019-09-26 00:18:27', 1, '2019-09-26 00:19:58', 1, 0),
(123, 21, 32, 'TOTAL', 2018, '-4278.70', 'calculated', '2019-06-30', '2019-06-30', 1, '2019-09-26 00:18:27', 1, '2019-09-26 00:19:58', 1, 0),
(124, 12, 31, '201902', 2018, '57.72', 'import', '2019-02-01', '2019-02-01', 0, '2019-09-26 00:18:29', 1, '2019-09-26 00:18:29', 1, 0),
(125, 15, 31, '201902', 2018, '57.72', 'import', '2019-02-01', '2019-02-01', 0, '2019-09-26 00:18:29', 1, '2019-09-26 00:18:29', 1, 0),
(126, 16, 31, '201902', 2018, '34.41', 'import', '2019-02-01', '2019-02-01', 0, '2019-09-26 00:18:30', 1, '2019-09-26 00:18:30', 1, 0),
(127, 17, 31, '201902', 2018, '5.38', 'import', '2019-02-01', '2019-02-01', 0, '2019-09-26 00:18:30', 1, '2019-09-26 00:18:30', 1, 0),
(128, 18, 31, '201902', 2018, '6406.87', 'import', '2019-02-01', '2019-02-01', 0, '2019-09-26 00:18:30', 1, '2019-09-26 00:18:30', 1, 0),
(129, 19, 31, '201902', 2018, '822.80', 'import', '2019-02-01', '2019-02-01', 0, '2019-09-26 00:18:30', 1, '2019-09-26 00:18:30', 1, 0),
(130, 20, 31, '201902', 2018, '7235.05', 'import', '2019-02-01', '2019-02-01', 0, '2019-09-26 00:18:30', 1, '2019-09-26 00:18:30', 1, 0),
(131, 21, 31, '201902', 2018, '-7327.18', 'import', '2019-02-01', '2019-02-01', 0, '2019-09-26 00:18:30', 1, '2019-09-26 00:18:30', 1, 0),
(132, 12, 31, 'TOTAL', 2018, '288.60', 'calculated', '2019-06-30', '2019-06-30', 1, '2019-09-26 00:18:31', 1, '2019-09-26 00:20:03', 1, 0),
(133, 15, 31, 'TOTAL', 2018, '932.60', 'calculated', '2019-06-30', '2019-06-30', 1, '2019-09-26 00:18:31', 1, '2019-09-26 00:20:03', 1, 0),
(134, 16, 31, 'TOTAL', 2018, '172.05', 'calculated', '2019-06-30', '2019-06-30', 1, '2019-09-26 00:18:31', 1, '2019-09-26 00:20:04', 1, 0),
(135, 17, 31, 'TOTAL', 2018, '26.90', 'calculated', '2019-06-30', '2019-06-30', 1, '2019-09-26 00:18:31', 1, '2019-09-26 00:20:04', 1, 0),
(136, 18, 31, 'TOTAL', 2018, '26925.69', 'calculated', '2019-06-30', '2019-06-30', 1, '2019-09-26 00:18:31', 1, '2019-09-26 00:20:04', 1, 0),
(137, 19, 31, 'TOTAL', 2018, '3734.29', 'calculated', '2019-06-30', '2019-06-30', 1, '2019-09-26 00:18:31', 1, '2019-09-26 00:20:04', 1, 0),
(138, 20, 31, 'TOTAL', 2018, '30686.88', 'calculated', '2019-06-30', '2019-06-30', 1, '2019-09-26 00:18:32', 1, '2019-09-26 00:20:04', 1, 0),
(139, 21, 31, 'TOTAL', 2018, '-1701.53', 'calculated', '2019-06-30', '2019-06-30', 1, '2019-09-26 00:18:32', 1, '2019-09-26 00:20:04', 1, 0),
(140, 12, 32, '201901', 2018, '57.72', 'import', '2019-01-01', '2019-01-01', 0, '2019-09-26 00:19:03', 1, '2019-09-26 00:19:03', 1, 0),
(141, 15, 32, '201901', 2018, '57.72', 'import', '2019-01-01', '2019-01-01', 0, '2019-09-26 00:19:03', 1, '2019-09-26 00:19:03', 1, 0),
(142, 16, 32, '201901', 2018, '34.41', 'import', '2019-01-01', '2019-01-01', 0, '2019-09-26 00:19:03', 1, '2019-09-26 00:19:03', 1, 0),
(143, 17, 32, '201901', 2018, '5.38', 'import', '2019-01-01', '2019-01-01', 0, '2019-09-26 00:19:03', 1, '2019-09-26 00:19:03', 1, 0),
(144, 18, 32, '201901', 2018, '4833.27', 'import', '2019-01-01', '2019-01-01', 0, '2019-09-26 00:19:04', 1, '2019-09-26 00:19:04', 1, 0),
(145, 19, 32, '201901', 2018, '766.85', 'import', '2019-01-01', '2019-01-01', 0, '2019-09-26 00:19:04', 1, '2019-09-26 00:19:08', 1, 0),
(146, 20, 32, '201901', 2018, '5605.50', 'import', '2019-01-01', '2019-01-01', 0, '2019-09-26 00:19:04', 1, '2019-09-26 00:19:08', 1, 0),
(147, 21, 32, '201901', 2018, '-5697.63', 'import', '2019-01-01', '2019-01-01', 0, '2019-09-26 00:19:04', 1, '2019-09-26 00:19:08', 1, 0),
(148, 12, 31, '201901', 2018, '57.72', 'import', '2019-01-01', '2019-01-01', 0, '2019-09-26 00:19:08', 1, '2019-09-26 00:19:08', 1, 0),
(149, 15, 31, '201901', 2018, '57.72', 'import', '2019-01-01', '2019-01-01', 0, '2019-09-26 00:19:08', 1, '2019-09-26 00:19:08', 1, 0),
(150, 16, 31, '201901', 2018, '34.41', 'import', '2019-01-01', '2019-01-01', 0, '2019-09-26 00:19:08', 1, '2019-09-26 00:19:08', 1, 0),
(151, 17, 31, '201901', 2018, '5.38', 'import', '2019-01-01', '2019-01-01', 0, '2019-09-26 00:19:08', 1, '2019-09-26 00:19:08', 1, 0),
(152, 18, 31, '201901', 2018, '6406.87', 'import', '2019-01-01', '2019-01-01', 0, '2019-09-26 00:19:08', 1, '2019-09-26 00:19:08', 1, 0),
(153, 19, 31, '201901', 2018, '822.80', 'import', '2019-01-01', '2019-01-01', 0, '2019-09-26 00:19:08', 1, '2019-09-26 00:19:08', 1, 0),
(154, 20, 31, '201901', 2018, '7235.05', 'import', '2019-01-01', '2019-01-01', 0, '2019-09-26 00:19:09', 1, '2019-09-26 00:19:09', 1, 0),
(155, 21, 31, '201901', 2018, '-7327.18', 'import', '2019-01-01', '2019-01-01', 0, '2019-09-26 00:19:09', 1, '2019-09-26 00:19:09', 1, 0),
(156, 7, 32, '201812', 2018, '9280.00', 'import', '2018-12-01', '2018-12-01', 0, '2019-09-26 00:19:19', 1, '2019-09-26 00:19:19', 1, 0),
(157, 9, 32, '201812', 2018, '9280.00', 'import', '2018-12-01', '2018-12-01', 0, '2019-09-26 00:19:19', 1, '2019-09-26 00:19:19', 1, 0),
(158, 11, 32, '201812', 2018, '278.40', 'import', '2018-12-01', '2018-12-01', 0, '2019-09-26 00:19:19', 1, '2019-09-26 00:19:19', 1, 0),
(159, 12, 32, '201812', 2018, '57.72', 'import', '2018-12-01', '2018-12-01', 0, '2019-09-26 00:19:19', 1, '2019-09-26 00:19:19', 1, 0),
(160, 15, 32, '201812', 2018, '336.12', 'import', '2018-12-01', '2018-12-01', 0, '2019-09-26 00:19:19', 1, '2019-09-26 00:19:19', 1, 0),
(161, 16, 32, '201812', 2018, '34.41', 'import', '2018-12-01', '2018-12-01', 0, '2019-09-26 00:19:19', 1, '2019-09-26 00:19:19', 1, 0),
(162, 17, 32, '201812', 2018, '5.38', 'import', '2018-12-01', '2018-12-01', 0, '2019-09-26 00:19:20', 1, '2019-09-26 00:19:20', 1, 0),
(163, 18, 32, '201812', 2018, '5112.98', 'import', '2018-12-01', '2018-12-01', 0, '2019-09-26 00:19:20', 1, '2019-09-26 00:19:20', 1, 0),
(164, 19, 32, '201812', 2018, '766.85', 'import', '2018-12-01', '2018-12-01', 0, '2019-09-26 00:19:20', 1, '2019-09-26 00:19:24', 1, 0),
(165, 20, 32, '201812', 2018, '5885.21', 'import', '2018-12-01', '2018-12-01', 0, '2019-09-26 00:19:20', 1, '2019-09-26 00:19:24', 1, 0),
(166, 21, 32, '201812', 2018, '3024.26', 'import', '2018-12-01', '2018-12-01', 0, '2019-09-26 00:19:20', 1, '2019-09-26 00:19:25', 1, 0),
(167, 7, 32, 'TOTAL', 2018, '29000.00', 'calculated', '2019-06-30', '2019-06-30', 1, '2019-09-26 00:19:21', 1, '2019-09-26 00:19:56', 1, 0),
(168, 9, 32, 'TOTAL', 2018, '29000.00', 'calculated', '2019-06-30', '2019-06-30', 1, '2019-09-26 00:19:21', 1, '2019-09-26 00:19:56', 1, 0),
(169, 11, 32, 'TOTAL', 2018, '870.00', 'calculated', '2019-06-30', '2019-06-30', 1, '2019-09-26 00:19:21', 1, '2019-09-26 00:19:56', 1, 0),
(170, 7, 31, '201812', 2018, '10200.00', 'import', '2018-12-01', '2018-12-01', 0, '2019-09-26 00:19:25', 1, '2019-09-26 00:19:25', 1, 0),
(171, 9, 31, '201812', 2018, '10200.00', 'import', '2018-12-01', '2018-12-01', 0, '2019-09-26 00:19:25', 1, '2019-09-26 00:19:25', 1, 0),
(172, 12, 31, '201812', 2018, '57.72', 'import', '2018-12-01', '2018-12-01', 0, '2019-09-26 00:19:25', 1, '2019-09-26 00:19:25', 1, 0),
(173, 15, 31, '201812', 2018, '57.72', 'import', '2018-12-01', '2018-12-01', 0, '2019-09-26 00:19:25', 1, '2019-09-26 00:19:25', 1, 0),
(174, 16, 31, '201812', 2018, '34.41', 'import', '2018-12-01', '2018-12-01', 0, '2019-09-26 00:19:25', 1, '2019-09-26 00:19:25', 1, 0),
(175, 17, 31, '201812', 2018, '5.38', 'import', '2018-12-01', '2018-12-01', 0, '2019-09-26 00:19:25', 1, '2019-09-26 00:19:25', 1, 0),
(176, 18, 31, '201812', 2018, '4116.77', 'import', '2018-12-01', '2018-12-01', 0, '2019-09-26 00:19:25', 1, '2019-09-26 00:19:25', 1, 0),
(177, 19, 31, '201812', 2018, '599.95', 'import', '2018-12-01', '2018-12-01', 0, '2019-09-26 00:19:25', 1, '2019-09-26 00:19:25', 1, 0),
(178, 20, 31, '201812', 2018, '4722.10', 'import', '2018-12-01', '2018-12-01', 0, '2019-09-26 00:19:25', 1, '2019-09-26 00:19:25', 1, 0),
(179, 21, 31, '201812', 2018, '5385.77', 'import', '2018-12-01', '2018-12-01', 0, '2019-09-26 00:19:26', 1, '2019-09-26 00:19:26', 1, 0),
(180, 7, 31, 'TOTAL', 2018, '30090.00', 'calculated', '2019-06-30', '2019-06-30', 1, '2019-09-26 00:19:26', 1, '2019-09-26 00:20:03', 1, 0),
(181, 9, 31, 'TOTAL', 2018, '30090.00', 'calculated', '2019-06-30', '2019-06-30', 1, '2019-09-26 00:19:27', 1, '2019-09-26 00:20:03', 1, 0),
(182, 7, 32, '201811', 2018, '9860.00', 'import', '2018-11-01', '2018-11-01', 0, '2019-09-26 00:19:38', 1, '2019-09-26 00:19:38', 1, 0),
(183, 9, 32, '201811', 2018, '9860.00', 'import', '2018-11-01', '2018-11-01', 0, '2019-09-26 00:19:38', 1, '2019-09-26 00:19:38', 1, 0),
(184, 11, 32, '201811', 2018, '295.80', 'import', '2018-11-01', '2018-11-01', 0, '2019-09-26 00:19:38', 1, '2019-09-26 00:19:38', 1, 0),
(185, 12, 32, '201811', 2018, '57.72', 'import', '2018-11-01', '2018-11-01', 0, '2019-09-26 00:19:38', 1, '2019-09-26 00:19:38', 1, 0),
(186, 14, 32, '201811', 2018, '1423.45', 'import', '2018-11-01', '2018-11-01', 0, '2019-09-26 00:19:38', 1, '2019-09-26 00:19:38', 1, 0),
(187, 15, 32, '201811', 2018, '1776.97', 'import', '2018-11-01', '2018-11-01', 0, '2019-09-26 00:19:39', 1, '2019-09-26 00:19:39', 1, 0),
(188, 16, 32, '201811', 2018, '34.41', 'import', '2018-11-01', '2018-11-01', 0, '2019-09-26 00:19:39', 1, '2019-09-26 00:19:39', 1, 0),
(189, 17, 32, '201811', 2018, '5.38', 'import', '2018-11-01', '2018-11-01', 0, '2019-09-26 00:19:39', 1, '2019-09-26 00:19:39', 1, 0),
(190, 18, 32, '201811', 2018, '5111.56', 'import', '2018-11-01', '2018-11-01', 0, '2019-09-26 00:19:39', 1, '2019-09-26 00:19:39', 1, 0),
(191, 19, 32, '201811', 2018, '766.85', 'import', '2018-11-01', '2018-11-01', 0, '2019-09-26 00:19:39', 1, '2019-09-26 00:19:43', 1, 0),
(192, 20, 32, '201811', 2018, '5883.79', 'import', '2018-11-01', '2018-11-01', 0, '2019-09-26 00:19:39', 1, '2019-09-26 00:19:43', 1, 0),
(193, 21, 32, '201811', 2018, '2164.83', 'import', '2018-11-01', '2018-11-01', 0, '2019-09-26 00:19:39', 1, '2019-09-26 00:19:43', 1, 0),
(194, 14, 32, 'TOTAL', 2018, '3084.26', 'calculated', '2019-06-30', '2019-06-30', 1, '2019-09-26 00:19:40', 1, '2019-09-26 00:19:57', 1, 0),
(195, 7, 31, '201811', 2018, '8670.00', 'import', '2018-11-01', '2018-11-01', 0, '2019-09-26 00:19:44', 1, '2019-09-26 00:19:44', 1, 0),
(196, 9, 31, '201811', 2018, '8670.00', 'import', '2018-11-01', '2018-11-01', 0, '2019-09-26 00:19:44', 1, '2019-09-26 00:19:44', 1, 0),
(197, 12, 31, '201811', 2018, '57.72', 'import', '2018-11-01', '2018-11-01', 0, '2019-09-26 00:19:44', 1, '2019-09-26 00:19:44', 1, 0),
(198, 14, 31, '201811', 2018, '322.00', 'import', '2018-11-01', '2018-11-01', 0, '2019-09-26 00:19:44', 1, '2019-09-26 00:19:44', 1, 0),
(199, 15, 31, '201811', 2018, '379.72', 'import', '2018-11-01', '2018-11-01', 0, '2019-09-26 00:19:44', 1, '2019-09-26 00:19:44', 1, 0),
(200, 16, 31, '201811', 2018, '34.41', 'import', '2018-11-01', '2018-11-01', 0, '2019-09-26 00:19:44', 1, '2019-09-26 00:19:44', 1, 0),
(201, 17, 31, '201811', 2018, '5.38', 'import', '2018-11-01', '2018-11-01', 0, '2019-09-26 00:19:44', 1, '2019-09-26 00:19:44', 1, 0),
(202, 18, 31, '201811', 2018, '4997.59', 'import', '2018-11-01', '2018-11-01', 0, '2019-09-26 00:19:45', 1, '2019-09-26 00:19:45', 1, 0),
(203, 19, 31, '201811', 2018, '744.37', 'import', '2018-11-01', '2018-11-01', 0, '2019-09-26 00:19:45', 1, '2019-09-26 00:19:45', 1, 0),
(204, 20, 31, '201811', 2018, '5747.34', 'import', '2018-11-01', '2018-11-01', 0, '2019-09-26 00:19:45', 1, '2019-09-26 00:19:45', 1, 0),
(205, 21, 31, '201811', 2018, '2508.53', 'import', '2018-11-01', '2018-11-01', 0, '2019-09-26 00:19:45', 1, '2019-09-26 00:19:45', 1, 0),
(206, 14, 31, 'TOTAL', 2018, '644.00', 'calculated', '2019-06-30', '2019-06-30', 1, '2019-09-26 00:19:46', 1, '2019-09-26 00:20:03', 1, 0),
(207, 7, 32, '201810', 2018, '9860.00', 'import', '2018-10-01', '2018-10-01', 0, '2019-09-26 00:19:54', 1, '2019-09-26 00:19:54', 1, 0),
(208, 9, 32, '201810', 2018, '9860.00', 'import', '2018-10-01', '2018-10-01', 0, '2019-09-26 00:19:55', 1, '2019-09-26 00:19:55', 1, 0),
(209, 11, 32, '201810', 2018, '295.80', 'import', '2018-10-01', '2018-10-01', 0, '2019-09-26 00:19:55', 1, '2019-09-26 00:19:55', 1, 0),
(210, 12, 32, '201810', 2018, '57.72', 'import', '2018-10-01', '2018-10-01', 0, '2019-09-26 00:19:55', 1, '2019-09-26 00:19:55', 1, 0),
(211, 14, 32, '201810', 2018, '1660.81', 'import', '2018-10-01', '2018-10-01', 0, '2019-09-26 00:19:55', 1, '2019-09-26 00:19:55', 1, 0),
(212, 15, 32, '201810', 2018, '2014.33', 'import', '2018-10-01', '2018-10-01', 0, '2019-09-26 00:19:55', 1, '2019-09-26 00:19:55', 1, 0),
(213, 16, 32, '201810', 2018, '34.41', 'import', '2018-10-01', '2018-10-01', 0, '2019-09-26 00:19:55', 1, '2019-09-26 00:19:55', 1, 0),
(214, 17, 32, '201810', 2018, '5.38', 'import', '2018-10-01', '2018-10-01', 0, '2019-09-26 00:19:55', 1, '2019-09-26 00:19:55', 1, 0),
(215, 18, 32, '201810', 2018, '5111.56', 'import', '2018-10-01', '2018-10-01', 0, '2019-09-26 00:19:55', 1, '2019-09-26 00:19:55', 1, 0),
(216, 19, 32, '201810', 2018, '766.85', 'import', '2018-10-01', '2018-10-01', 0, '2019-09-26 00:19:56', 1, '2019-09-26 00:20:00', 1, 0),
(217, 20, 32, '201810', 2018, '5883.79', 'import', '2018-10-01', '2018-10-01', 0, '2019-09-26 00:19:56', 1, '2019-09-26 00:20:00', 1, 0),
(218, 21, 32, '201810', 2018, '1927.47', 'import', '2018-10-01', '2018-10-01', 0, '2019-09-26 00:19:56', 1, '2019-09-26 00:20:00', 1, 0),
(219, 7, 31, '201810', 2018, '11220.00', 'import', '2018-10-01', '2018-10-01', 0, '2019-09-26 00:20:01', 1, '2019-09-26 00:20:01', 1, 0),
(220, 9, 31, '201810', 2018, '11220.00', 'import', '2018-10-01', '2018-10-01', 0, '2019-09-26 00:20:01', 1, '2019-09-26 00:20:01', 1, 0),
(221, 12, 31, '201810', 2018, '57.72', 'import', '2018-10-01', '2018-10-01', 0, '2019-09-26 00:20:01', 1, '2019-09-26 00:20:01', 1, 0),
(222, 14, 31, '201810', 2018, '322.00', 'import', '2018-10-01', '2018-10-01', 0, '2019-09-26 00:20:01', 1, '2019-09-26 00:20:01', 1, 0),
(223, 15, 31, '201810', 2018, '379.72', 'import', '2018-10-01', '2018-10-01', 0, '2019-09-26 00:20:01', 1, '2019-09-26 00:20:01', 1, 0),
(224, 16, 31, '201810', 2018, '34.41', 'import', '2018-10-01', '2018-10-01', 0, '2019-09-26 00:20:01', 1, '2019-09-26 00:20:01', 1, 0),
(225, 17, 31, '201810', 2018, '5.38', 'import', '2018-10-01', '2018-10-01', 0, '2019-09-26 00:20:01', 1, '2019-09-26 00:20:01', 1, 0),
(226, 18, 31, '201810', 2018, '4997.59', 'import', '2018-10-01', '2018-10-01', 0, '2019-09-26 00:20:01', 1, '2019-09-26 00:20:01', 1, 0),
(227, 19, 31, '201810', 2018, '744.37', 'import', '2018-10-01', '2018-10-01', 0, '2019-09-26 00:20:01', 1, '2019-09-26 00:20:01', 1, 0),
(228, 20, 31, '201810', 2018, '5747.34', 'import', '2018-10-01', '2018-10-01', 0, '2019-09-26 00:20:01', 1, '2019-09-26 00:20:01', 1, 0),
(229, 21, 31, '201810', 2018, '5058.53', 'import', '2018-10-01', '2018-10-01', 0, '2019-09-26 00:20:02', 1, '2019-09-26 00:20:02', 1, 0),
(230, 5, 32, '201810', 2018, '10.00', 'manual', '2018-10-01', '2018-10-01', 0, '2019-09-26 00:22:15', 1, '2019-09-26 00:22:15', 1, 0),
(231, 5, 32, '201811', 2018, '10.00', 'manual', '2018-11-01', '2018-11-01', 0, '2019-09-26 00:22:15', 1, '2019-09-26 00:22:15', 1, 0),
(232, 5, 32, '201812', 2018, '10.00', 'manual', '2018-12-01', '2018-12-01', 0, '2019-09-26 00:22:15', 1, '2019-09-26 00:22:15', 1, 0),
(233, 5, 32, 'TOTAL', 2018, '30.00', 'calculated', '2019-06-30', '2019-06-30', 1, '2019-09-26 00:22:15', 1, '2019-09-26 00:22:15', 1, 0),
(234, 6, 32, '201810', 2018, '986.00', 'calculated', '2018-10-01', '2018-10-01', 1, '2019-09-26 00:22:17', 1, '2019-09-26 00:22:17', 1, 0),
(235, 6, 32, '201811', 2018, '986.00', 'calculated', '2018-11-01', '2018-11-01', 1, '2019-09-26 00:22:17', 1, '2019-09-26 00:22:17', 1, 0),
(236, 6, 32, '201812', 2018, '928.00', 'calculated', '2018-12-01', '2018-12-01', 1, '2019-09-26 00:22:17', 1, '2019-09-26 00:22:17', 1, 0),
(237, 6, 32, 'TOTAL', -1, '966.67', 'calculated', '2019-06-30', '2019-06-30', 1, '2019-09-26 00:22:17', 1, '2019-09-26 00:22:17', 1, 0);

-- --------------------------------------------------------

--
-- Structure de la table `history`
--

DROP TABLE IF EXISTS `history`;
CREATE TABLE `history` (
  `id` bigint(20) UNSIGNED NOT NULL,
  `refType` varchar(100) NOT NULL,
  `refId` bigint(12) UNSIGNED NOT NULL,
  `operation` varchar(10) DEFAULT NULL,
  `colName` varchar(200) DEFAULT NULL,
  `oldValue` varchar(4000) DEFAULT NULL,
  `newValue` varchar(4000) DEFAULT NULL,
  `operationDate` timestamp NOT NULL DEFAULT current_timestamp(),
  `idUsers` bigint(20) UNSIGNED DEFAULT NULL
) ENGINE=InnoDB DEFAULT CHARSET=utf8;

--
-- Déchargement des données de la table `history`
--

INSERT INTO `history` (`id`, `refType`, `refId`, `operation`, `colName`, `oldValue`, `newValue`, `operationDate`, `idUsers`) VALUES
(1, 'Cell', 1, 'insert', NULL, NULL, NULL, '2019-09-25 23:10:29', 1),
(2, 'Cell', 2, 'insert', NULL, NULL, NULL, '2019-09-25 23:12:49', 1),
(3, 'Cell', 3, 'insert', NULL, NULL, NULL, '2019-09-25 23:12:53', 1),
(4, 'Cell', 4, 'insert', NULL, NULL, NULL, '2019-09-25 23:12:56', 1),
(5, 'Cell', 5, 'insert', NULL, NULL, NULL, '2019-09-25 23:13:01', 1),
(6, 'Cell', 6, 'insert', NULL, NULL, NULL, '2019-09-25 23:13:02', 1),
(7, 'Cell', 7, 'insert', NULL, NULL, NULL, '2019-09-25 23:13:18', 1),
(8, 'Cell', 8, 'insert', NULL, NULL, NULL, '2019-09-25 23:13:19', 1),
(9, 'Cell', 8, 'update', 'value', '776.58', '776.57832', '2019-09-25 23:18:03', 1),
(10, 'Cell', 8, 'update', 'value', '776.58', '776.57832', '2019-09-25 23:18:46', 1),
(11, 'Cell', 8, 'update', 'value', '776.58', '776.57832', '2019-09-25 23:23:32', 1),
(12, 'Cell', 9, 'insert', NULL, NULL, NULL, '2019-09-25 23:23:32', 1),
(13, 'Cell', 10, 'insert', NULL, NULL, NULL, '2019-09-25 23:23:32', 1),
(14, 'Cell', 11, 'insert', NULL, NULL, NULL, '2019-09-25 23:23:32', 1),
(15, 'Cell', 12, 'insert', NULL, NULL, NULL, '2019-09-25 23:23:32', 1),
(16, 'Cell', 13, 'insert', NULL, NULL, NULL, '2019-09-25 23:23:32', 1),
(17, 'Cell', 14, 'insert', NULL, NULL, NULL, '2019-09-25 23:23:32', 1),
(18, 'Cell', 15, 'insert', NULL, NULL, NULL, '2019-09-25 23:23:33', 1),
(19, 'Cell', 16, 'insert', NULL, NULL, NULL, '2019-09-25 23:23:33', 1),
(20, 'Cell', 8, 'update', 'value', '776.58', '776.57832', '2019-09-25 23:29:15', 1),
(21, 'Cell', 8, 'update', 'value', '776.58', '776.57832', '2019-09-25 23:30:19', 1),
(22, 'Cell', 17, 'insert', NULL, NULL, NULL, '2019-09-25 23:31:38', 1),
(23, 'Cell', 18, 'insert', NULL, NULL, NULL, '2019-09-25 23:31:38', 1),
(24, 'Cell', 19, 'insert', NULL, NULL, NULL, '2019-09-25 23:31:39', 1),
(25, 'Cell', 20, 'insert', NULL, NULL, NULL, '2019-09-25 23:31:39', 1),
(26, 'Cell', 21, 'insert', NULL, NULL, NULL, '2019-09-25 23:31:39', 1),
(27, 'Cell', 22, 'insert', NULL, NULL, NULL, '2019-09-25 23:31:39', 1),
(28, 'Cell', 23, 'insert', NULL, NULL, NULL, '2019-09-25 23:31:39', 1),
(29, 'Cell', 24, 'insert', NULL, NULL, NULL, '2019-09-25 23:31:39', 1),
(30, 'Cell', 9, 'update', 'value', '-7680.00', '9840', '2019-09-25 23:31:39', 1),
(31, 'Cell', 10, 'update', 'value', '-307.20', '393.6', '2019-09-25 23:31:39', 1),
(32, 'Cell', 11, 'update', 'value', '57.72', '115.44', '2019-09-25 23:31:40', 1),
(33, 'Cell', 12, 'update', 'value', '404.81', '809.62', '2019-09-25 23:31:40', 1),
(34, 'Cell', 13, 'update', 'value', '34.41', '68.82', '2019-09-25 23:31:40', 1),
(35, 'Cell', 14, 'update', 'value', '5.38', '10.76', '2019-09-25 23:31:40', 1),
(36, 'Cell', 15, 'update', 'value', '5185.50', '10371', '2019-09-25 23:31:40', 1),
(37, 'Cell', 16, 'update', 'value', '776.58', '1553.16', '2019-09-25 23:31:40', 1),
(38, 'Cell', 24, 'update', 'value', '776.58', '776.57832', '2019-09-25 23:32:44', 1),
(39, 'Cell', 24, 'update', 'value', '776.58', '776.57832', '2019-09-25 23:33:00', 1),
(40, 'Cell', 24, 'update', 'value', '776.58', '776.57832', '2019-09-25 23:33:17', 1),
(41, 'Cell', 25, 'insert', NULL, NULL, NULL, '2019-09-25 23:35:31', 1),
(42, 'Cell', 26, 'insert', NULL, NULL, NULL, '2019-09-25 23:35:32', 1),
(43, 'Cell', 27, 'insert', NULL, NULL, NULL, '2019-09-25 23:35:32', 1),
(44, 'Cell', 28, 'insert', NULL, NULL, NULL, '2019-09-25 23:35:32', 1),
(45, 'Cell', 29, 'insert', NULL, NULL, NULL, '2019-09-25 23:35:32', 1),
(46, 'Cell', 30, 'insert', NULL, NULL, NULL, '2019-09-25 23:35:32', 1),
(47, 'Cell', 31, 'insert', NULL, NULL, NULL, '2019-09-25 23:35:32', 1),
(48, 'Cell', 32, 'insert', NULL, NULL, NULL, '2019-09-25 23:35:32', 1),
(49, 'Cell', 9, 'update', 'value', '9840.00', '13680', '2019-09-25 23:35:33', 1),
(50, 'Cell', 10, 'update', 'value', '393.60', '547.2', '2019-09-25 23:35:33', 1),
(51, 'Cell', 11, 'update', 'value', '115.44', '173.16', '2019-09-25 23:35:33', 1),
(52, 'Cell', 12, 'update', 'value', '809.62', '892.43', '2019-09-25 23:35:33', 1),
(53, 'Cell', 13, 'update', 'value', '68.82', '103.23', '2019-09-25 23:35:33', 1),
(54, 'Cell', 14, 'update', 'value', '10.76', '16.14', '2019-09-25 23:35:33', 1),
(55, 'Cell', 15, 'update', 'value', '10371.00', '15556.5', '2019-09-25 23:35:33', 1),
(56, 'Cell', 16, 'update', 'value', '1553.16', '2329.74', '2019-09-25 23:35:33', 1),
(57, 'Cell', 33, 'insert', NULL, NULL, NULL, '2019-09-25 23:36:09', 1),
(58, 'Cell', 34, 'insert', NULL, NULL, NULL, '2019-09-25 23:36:09', 1),
(59, 'Cell', 35, 'insert', NULL, NULL, NULL, '2019-09-25 23:36:09', 1),
(60, 'Cell', 36, 'insert', NULL, NULL, NULL, '2019-09-25 23:36:09', 1),
(61, 'Cell', 37, 'insert', NULL, NULL, NULL, '2019-09-25 23:43:49', 1),
(62, 'Cell', 38, 'insert', NULL, NULL, NULL, '2019-09-25 23:53:06', 1),
(63, 'Cell', 38, 'update', 'value', '0.00', '0.100', '2019-09-25 23:53:33', 1),
(64, 'Cell', 39, 'insert', NULL, NULL, NULL, '2019-09-25 23:53:33', 1),
(65, 'Cell', 40, 'insert', NULL, NULL, NULL, '2019-09-25 23:53:33', 1),
(66, 'Cell', 41, 'insert', NULL, NULL, NULL, '2019-09-25 23:53:33', 1),
(67, 'Cell', 42, 'insert', NULL, NULL, NULL, '2019-09-25 23:54:54', 1),
(68, 'Cell', 43, 'insert', NULL, NULL, NULL, '2019-09-25 23:55:12', 1),
(69, 'Cell', 44, 'insert', NULL, NULL, NULL, '2019-09-25 23:55:12', 1),
(70, 'Cell', 45, 'insert', NULL, NULL, NULL, '2019-09-25 23:55:12', 1),
(71, 'Cell', 46, 'insert', NULL, NULL, NULL, '2019-09-25 23:55:12', 1),
(72, 'Cell', 47, 'insert', NULL, NULL, NULL, '2019-09-26 00:13:08', 1),
(73, 'Cell', 48, 'insert', NULL, NULL, NULL, '2019-09-26 00:13:08', 1),
(74, 'Cell', 49, 'insert', NULL, NULL, NULL, '2019-09-26 00:13:08', 1),
(75, 'Cell', 38, 'delete', NULL, NULL, NULL, '2019-09-26 00:13:30', 1),
(76, 'Cell', 39, 'delete', NULL, NULL, NULL, '2019-09-26 00:13:30', 1),
(77, 'Cell', 40, 'delete', NULL, NULL, NULL, '2019-09-26 00:13:30', 1),
(78, 'Cell', 43, 'update', 'value', '-7679.90', '-7680', '2019-09-26 00:13:57', 1),
(79, 'Cell', 44, 'update', 'value', '17520.10', '17520', '2019-09-26 00:13:58', 1),
(80, 'Cell', 45, 'update', 'value', '3840.10', '3840', '2019-09-26 00:13:58', 1),
(81, 'Cell', 50, 'insert', NULL, NULL, NULL, '2019-09-26 00:14:14', 1),
(82, 'Cell', 51, 'insert', NULL, NULL, NULL, '2019-09-26 00:14:14', 1),
(83, 'Cell', 52, 'insert', NULL, NULL, NULL, '2019-09-26 00:14:15', 1),
(84, 'Cell', 53, 'insert', NULL, NULL, NULL, '2019-09-26 00:14:15', 1),
(85, 'Cell', 54, 'insert', NULL, NULL, NULL, '2019-09-26 00:14:26', 1),
(86, 'Cell', 55, 'insert', NULL, NULL, NULL, '2019-09-26 00:14:26', 1),
(87, 'Cell', 56, 'insert', NULL, NULL, NULL, '2019-09-26 00:14:26', 1),
(88, 'Cell', 57, 'insert', NULL, NULL, NULL, '2019-09-26 00:14:26', 1),
(89, 'Cell', 58, 'insert', NULL, NULL, NULL, '2019-09-26 00:15:16', 1),
(90, 'Cell', 59, 'insert', NULL, NULL, NULL, '2019-09-26 00:15:16', 1),
(91, 'Cell', 60, 'insert', NULL, NULL, NULL, '2019-09-26 00:15:16', 1),
(92, 'Cell', 61, 'insert', NULL, NULL, NULL, '2019-09-26 00:15:16', 1),
(93, 'Cell', 62, 'insert', NULL, NULL, NULL, '2019-09-26 00:15:16', 1),
(94, 'Cell', 63, 'insert', NULL, NULL, NULL, '2019-09-26 00:15:16', 1),
(95, 'Cell', 64, 'insert', NULL, NULL, NULL, '2019-09-26 00:15:17', 1),
(96, 'Cell', 65, 'insert', NULL, NULL, NULL, '2019-09-26 00:15:17', 1),
(97, 'Cell', 66, 'insert', NULL, NULL, NULL, '2019-09-26 00:15:17', 1),
(98, 'Cell', 67, 'insert', NULL, NULL, NULL, '2019-09-26 00:15:17', 1),
(99, 'Cell', 9, 'update', 'value', '13680.00', '30480', '2019-09-26 00:15:17', 1),
(100, 'Cell', 46, 'update', 'value', '13680.30', '30480', '2019-09-26 00:15:17', 1),
(101, 'Cell', 46, 'update', 'year', '-1', '2018', '2019-09-26 00:15:17', 1),
(102, 'Cell', 10, 'update', 'value', '547.20', '1219.2', '2019-09-26 00:15:17', 1),
(103, 'Cell', 11, 'update', 'value', '173.16', '230.88', '2019-09-26 00:15:17', 1),
(104, 'Cell', 53, 'update', 'value', '1612.79', '2342.51', '2019-09-26 00:15:17', 1),
(105, 'Cell', 53, 'update', 'year', '-1', '2018', '2019-09-26 00:15:17', 1),
(106, 'Cell', 13, 'update', 'value', '103.23', '137.64', '2019-09-26 00:15:17', 1),
(107, 'Cell', 14, 'update', 'value', '16.14', '21.52', '2019-09-26 00:15:18', 1),
(108, 'Cell', 15, 'update', 'value', '15556.50', '21257.32', '2019-09-26 00:15:18', 1),
(109, 'Cell', 16, 'update', 'value', '2329.74', '3109.2', '2019-09-26 00:15:18', 1),
(110, 'Cell', 49, 'update', 'value', '17902.38', '24388.04', '2019-09-26 00:15:18', 1),
(111, 'Cell', 49, 'update', 'year', '-1', '2018', '2019-09-26 00:15:18', 1),
(112, 'Cell', 49, 'update', 'isReadonly', '0', '1', '2019-09-26 00:15:18', 1),
(113, 'Cell', 68, 'insert', NULL, NULL, NULL, '2019-09-26 00:15:22', 1),
(114, 'Cell', 69, 'insert', NULL, NULL, NULL, '2019-09-26 00:15:22', 1),
(115, 'Cell', 70, 'insert', NULL, NULL, NULL, '2019-09-26 00:15:22', 1),
(116, 'Cell', 71, 'insert', NULL, NULL, NULL, '2019-09-26 00:15:22', 1),
(117, 'Cell', 72, 'insert', NULL, NULL, NULL, '2019-09-26 00:15:22', 1),
(118, 'Cell', 73, 'insert', NULL, NULL, NULL, '2019-09-26 00:15:23', 1),
(119, 'Cell', 74, 'insert', NULL, NULL, NULL, '2019-09-26 00:15:23', 1),
(120, 'Cell', 75, 'insert', NULL, NULL, NULL, '2019-09-26 00:15:23', 1),
(121, 'Cell', 76, 'insert', NULL, NULL, NULL, '2019-09-26 00:15:23', 1),
(122, 'Cell', 77, 'insert', NULL, NULL, NULL, '2019-09-26 00:15:23', 1),
(123, 'Cell', 9, 'update', 'value', '30480.00', '39120', '2019-09-26 00:15:23', 1),
(124, 'Cell', 46, 'update', 'value', '30480.00', '39120', '2019-09-26 00:15:23', 1),
(125, 'Cell', 10, 'update', 'value', '1219.20', '1564.8', '2019-09-26 00:15:23', 1),
(126, 'Cell', 11, 'update', 'value', '230.88', '288.6', '2019-09-26 00:15:23', 1),
(127, 'Cell', 53, 'update', 'value', '2342.51', '2745.83', '2019-09-26 00:15:24', 1),
(128, 'Cell', 13, 'update', 'value', '137.64', '172.05', '2019-09-26 00:15:24', 1),
(129, 'Cell', 14, 'update', 'value', '21.52', '26.9', '2019-09-26 00:15:24', 1),
(130, 'Cell', 15, 'update', 'value', '21257.32', '26958.14', '2019-09-26 00:15:24', 1),
(131, 'Cell', 16, 'update', 'value', '3109.20', '3888.66', '2019-09-26 00:15:24', 1),
(132, 'Cell', 49, 'update', 'value', '24388.04', '30873.7', '2019-09-26 00:15:24', 1),
(133, 'Cell', 78, 'insert', NULL, NULL, NULL, '2019-09-26 00:15:27', 1),
(134, 'Cell', 79, 'insert', NULL, NULL, NULL, '2019-09-26 00:15:27', 1),
(135, 'Cell', 80, 'insert', NULL, NULL, NULL, '2019-09-26 00:15:27', 1),
(136, 'Cell', 81, 'insert', NULL, NULL, NULL, '2019-09-26 00:15:27', 1),
(137, 'Cell', 82, 'insert', NULL, NULL, NULL, '2019-09-26 00:15:27', 1),
(138, 'Cell', 83, 'insert', NULL, NULL, NULL, '2019-09-26 00:15:27', 1),
(139, 'Cell', 84, 'insert', NULL, NULL, NULL, '2019-09-26 00:15:27', 1),
(140, 'Cell', 85, 'insert', NULL, NULL, NULL, '2019-09-26 00:15:27', 1),
(141, 'Cell', 86, 'insert', NULL, NULL, NULL, '2019-09-26 00:15:27', 1),
(142, 'Cell', 87, 'insert', NULL, NULL, NULL, '2019-09-26 00:15:27', 1),
(143, 'Cell', 9, 'update', 'value', '39120.00', '45120', '2019-09-26 00:15:28', 1),
(144, 'Cell', 46, 'update', 'value', '39120.00', '45120', '2019-09-26 00:15:28', 1),
(145, 'Cell', 10, 'update', 'value', '1564.80', '1804.8', '2019-09-26 00:15:28', 1),
(146, 'Cell', 11, 'update', 'value', '288.60', '346.32', '2019-09-26 00:15:28', 1),
(147, 'Cell', 53, 'update', 'value', '2745.83', '3043.55', '2019-09-26 00:15:28', 1),
(148, 'Cell', 13, 'update', 'value', '172.05', '206.46', '2019-09-26 00:15:28', 1),
(149, 'Cell', 14, 'update', 'value', '26.90', '32.28', '2019-09-26 00:15:28', 1),
(150, 'Cell', 15, 'update', 'value', '26958.14', '36297.71', '2019-09-26 00:15:28', 1),
(151, 'Cell', 16, 'update', 'value', '3888.66', '5231.1', '2019-09-26 00:15:28', 1),
(152, 'Cell', 49, 'update', 'value', '30873.70', '41561.09', '2019-09-26 00:15:28', 1),
(153, 'Cell', 88, 'insert', NULL, NULL, NULL, '2019-09-26 00:15:31', 1),
(154, 'Cell', 89, 'insert', NULL, NULL, NULL, '2019-09-26 00:15:31', 1),
(155, 'Cell', 90, 'insert', NULL, NULL, NULL, '2019-09-26 00:15:31', 1),
(156, 'Cell', 91, 'insert', NULL, NULL, NULL, '2019-09-26 00:15:31', 1),
(157, 'Cell', 92, 'insert', NULL, NULL, NULL, '2019-09-26 00:15:32', 1),
(158, 'Cell', 93, 'insert', NULL, NULL, NULL, '2019-09-26 00:15:32', 1),
(159, 'Cell', 94, 'insert', NULL, NULL, NULL, '2019-09-26 00:15:32', 1),
(160, 'Cell', 11, 'update', 'value', '346.32', '404.04', '2019-09-26 00:15:32', 1),
(161, 'Cell', 53, 'update', 'value', '3043.55', '3101.27', '2019-09-26 00:15:32', 1),
(162, 'Cell', 13, 'update', 'value', '206.46', '240.87', '2019-09-26 00:15:32', 1),
(163, 'Cell', 14, 'update', 'value', '32.28', '37.66', '2019-09-26 00:15:32', 1),
(164, 'Cell', 15, 'update', 'value', '36297.71', '43046.21', '2019-09-26 00:15:32', 1),
(165, 'Cell', 16, 'update', 'value', '5231.10', '6021.45', '2019-09-26 00:15:33', 1),
(166, 'Cell', 49, 'update', 'value', '41561.09', '49105.32', '2019-09-26 00:15:33', 1),
(167, 'Cell', 95, 'insert', NULL, NULL, NULL, '2019-09-26 00:15:35', 1),
(168, 'Cell', 96, 'insert', NULL, NULL, NULL, '2019-09-26 00:15:36', 1),
(169, 'Cell', 97, 'insert', NULL, NULL, NULL, '2019-09-26 00:15:36', 1),
(170, 'Cell', 98, 'insert', NULL, NULL, NULL, '2019-09-26 00:15:36', 1),
(171, 'Cell', 99, 'insert', NULL, NULL, NULL, '2019-09-26 00:15:36', 1),
(172, 'Cell', 100, 'insert', NULL, NULL, NULL, '2019-09-26 00:15:36', 1),
(173, 'Cell', 101, 'insert', NULL, NULL, NULL, '2019-09-26 00:15:37', 1),
(174, 'Cell', 11, 'update', 'value', '404.04', '461.76', '2019-09-26 00:15:37', 1),
(175, 'Cell', 53, 'update', 'value', '3101.27', '3158.99', '2019-09-26 00:15:37', 1),
(176, 'Cell', 13, 'update', 'value', '240.87', '275.28', '2019-09-26 00:15:37', 1),
(177, 'Cell', 14, 'update', 'value', '37.66', '43.04', '2019-09-26 00:15:37', 1),
(178, 'Cell', 15, 'update', 'value', '43046.21', '49794.71', '2019-09-26 00:15:37', 1),
(179, 'Cell', 16, 'update', 'value', '6021.45', '6811.8', '2019-09-26 00:15:37', 1),
(180, 'Cell', 49, 'update', 'value', '49105.32', '56649.55', '2019-09-26 00:15:38', 1),
(181, 'Cell', 102, 'insert', NULL, NULL, NULL, '2019-09-26 00:15:47', 1),
(182, 'Cell', 103, 'insert', NULL, NULL, NULL, '2019-09-26 00:15:55', 1),
(183, 'Cell', 104, 'insert', NULL, NULL, NULL, '2019-09-26 00:15:55', 1),
(184, 'Cell', 105, 'insert', NULL, NULL, NULL, '2019-09-26 00:15:55', 1),
(185, 'Cell', 106, 'insert', NULL, NULL, NULL, '2019-09-26 00:15:56', 1),
(186, 'Cell', 107, 'insert', NULL, NULL, NULL, '2019-09-26 00:15:56', 1),
(187, 'Cell', 57, 'update', 'value', '15399.04', '48556.99', '2019-09-26 00:15:56', 1),
(188, 'Cell', 100, 'update', 'value', '790.35', '790.3548', '2019-09-26 00:18:23', 1),
(189, 'Cell', 101, 'update', 'value', '7544.23', '7544.2348', '2019-09-26 00:18:23', 1),
(190, 'Cell', 107, 'update', 'value', '94.85', '-7636.3648', '2019-09-26 00:18:23', 1),
(191, 'Cell', 107, 'update', 'source', 'calculated', 'import', '2019-09-26 00:18:23', 1),
(192, 'Cell', 102, 'update', 'year', '-1', '2018', '2019-09-26 00:18:23', 1),
(193, 'Cell', 57, 'update', 'value', '48556.99', '40844.82', '2019-09-26 00:18:24', 1),
(194, 'Cell', 57, 'update', 'year', '-1', '2018', '2019-09-26 00:18:24', 1),
(195, 'Cell', 57, 'update', 'isReadonly', '0', '1', '2019-09-26 00:18:24', 1),
(196, 'Cell', 100, 'update', 'value', '790.35', '790.3548', '2019-09-26 00:18:25', 1),
(197, 'Cell', 101, 'update', 'value', '7544.23', '7544.2348', '2019-09-26 00:18:25', 1),
(198, 'Cell', 107, 'update', 'value', '-7636.36', '-7636.3648', '2019-09-26 00:18:25', 1),
(199, 'Cell', 108, 'insert', NULL, NULL, NULL, '2019-09-26 00:18:25', 1),
(200, 'Cell', 109, 'insert', NULL, NULL, NULL, '2019-09-26 00:18:26', 1),
(201, 'Cell', 110, 'insert', NULL, NULL, NULL, '2019-09-26 00:18:26', 1),
(202, 'Cell', 111, 'insert', NULL, NULL, NULL, '2019-09-26 00:18:26', 1),
(203, 'Cell', 112, 'insert', NULL, NULL, NULL, '2019-09-26 00:18:26', 1),
(204, 'Cell', 113, 'insert', NULL, NULL, NULL, '2019-09-26 00:18:26', 1),
(205, 'Cell', 114, 'insert', NULL, NULL, NULL, '2019-09-26 00:18:26', 1),
(206, 'Cell', 115, 'insert', NULL, NULL, NULL, '2019-09-26 00:18:26', 1),
(207, 'Cell', 116, 'insert', NULL, NULL, NULL, '2019-09-26 00:18:27', 1),
(208, 'Cell', 117, 'insert', NULL, NULL, NULL, '2019-09-26 00:18:27', 1),
(209, 'Cell', 118, 'insert', NULL, NULL, NULL, '2019-09-26 00:18:27', 1),
(210, 'Cell', 119, 'insert', NULL, NULL, NULL, '2019-09-26 00:18:27', 1),
(211, 'Cell', 120, 'insert', NULL, NULL, NULL, '2019-09-26 00:18:27', 1),
(212, 'Cell', 121, 'insert', NULL, NULL, NULL, '2019-09-26 00:18:27', 1),
(213, 'Cell', 122, 'insert', NULL, NULL, NULL, '2019-09-26 00:18:27', 1),
(214, 'Cell', 123, 'insert', NULL, NULL, NULL, '2019-09-26 00:18:27', 1),
(215, 'Cell', 100, 'update', 'value', '790.35', '790.3548', '2019-09-26 00:18:28', 1),
(216, 'Cell', 101, 'update', 'value', '7544.23', '7544.2348', '2019-09-26 00:18:28', 1),
(217, 'Cell', 107, 'update', 'value', '-7636.36', '-7636.3648', '2019-09-26 00:18:29', 1),
(218, 'Cell', 113, 'update', 'value', '766.85', '766.854', '2019-09-26 00:18:29', 1),
(219, 'Cell', 114, 'update', 'value', '5605.50', '5605.504', '2019-09-26 00:18:29', 1),
(220, 'Cell', 115, 'update', 'value', '-5697.63', '-5697.634', '2019-09-26 00:18:29', 1),
(221, 'Cell', 124, 'insert', NULL, NULL, NULL, '2019-09-26 00:18:29', 1),
(222, 'Cell', 125, 'insert', NULL, NULL, NULL, '2019-09-26 00:18:29', 1),
(223, 'Cell', 126, 'insert', NULL, NULL, NULL, '2019-09-26 00:18:30', 1),
(224, 'Cell', 127, 'insert', NULL, NULL, NULL, '2019-09-26 00:18:30', 1),
(225, 'Cell', 128, 'insert', NULL, NULL, NULL, '2019-09-26 00:18:30', 1),
(226, 'Cell', 129, 'insert', NULL, NULL, NULL, '2019-09-26 00:18:30', 1),
(227, 'Cell', 130, 'insert', NULL, NULL, NULL, '2019-09-26 00:18:30', 1),
(228, 'Cell', 131, 'insert', NULL, NULL, NULL, '2019-09-26 00:18:30', 1),
(229, 'Cell', 132, 'insert', NULL, NULL, NULL, '2019-09-26 00:18:31', 1),
(230, 'Cell', 133, 'insert', NULL, NULL, NULL, '2019-09-26 00:18:31', 1),
(231, 'Cell', 134, 'insert', NULL, NULL, NULL, '2019-09-26 00:18:31', 1),
(232, 'Cell', 135, 'insert', NULL, NULL, NULL, '2019-09-26 00:18:31', 1),
(233, 'Cell', 136, 'insert', NULL, NULL, NULL, '2019-09-26 00:18:31', 1),
(234, 'Cell', 137, 'insert', NULL, NULL, NULL, '2019-09-26 00:18:31', 1),
(235, 'Cell', 138, 'insert', NULL, NULL, NULL, '2019-09-26 00:18:32', 1),
(236, 'Cell', 139, 'insert', NULL, NULL, NULL, '2019-09-26 00:18:32', 1),
(237, 'Cell', 93, 'update', 'value', '790.35', '790.3548', '2019-09-26 00:19:01', 1),
(238, 'Cell', 94, 'update', 'value', '7544.23', '7544.2348', '2019-09-26 00:19:01', 1),
(239, 'Cell', 106, 'update', 'value', '94.85', '-7636.3648', '2019-09-26 00:19:01', 1),
(240, 'Cell', 106, 'update', 'source', 'calculated', 'import', '2019-09-26 00:19:01', 1),
(241, 'Cell', 57, 'update', 'value', '40844.82', '33113.61', '2019-09-26 00:19:02', 1),
(242, 'Cell', 93, 'update', 'value', '790.35', '790.3548', '2019-09-26 00:19:03', 1),
(243, 'Cell', 94, 'update', 'value', '7544.23', '7544.2348', '2019-09-26 00:19:03', 1),
(244, 'Cell', 106, 'update', 'value', '-7636.36', '-7636.3648', '2019-09-26 00:19:03', 1),
(245, 'Cell', 140, 'insert', NULL, NULL, NULL, '2019-09-26 00:19:03', 1),
(246, 'Cell', 141, 'insert', NULL, NULL, NULL, '2019-09-26 00:19:03', 1),
(247, 'Cell', 142, 'insert', NULL, NULL, NULL, '2019-09-26 00:19:03', 1),
(248, 'Cell', 143, 'insert', NULL, NULL, NULL, '2019-09-26 00:19:03', 1),
(249, 'Cell', 144, 'insert', NULL, NULL, NULL, '2019-09-26 00:19:04', 1),
(250, 'Cell', 145, 'insert', NULL, NULL, NULL, '2019-09-26 00:19:04', 1),
(251, 'Cell', 146, 'insert', NULL, NULL, NULL, '2019-09-26 00:19:04', 1),
(252, 'Cell', 147, 'insert', NULL, NULL, NULL, '2019-09-26 00:19:04', 1),
(253, 'Cell', 116, 'update', 'value', '57.72', '115.44', '2019-09-26 00:19:04', 1),
(254, 'Cell', 117, 'update', 'value', '57.72', '115.44', '2019-09-26 00:19:04', 1),
(255, 'Cell', 118, 'update', 'value', '34.41', '68.82', '2019-09-26 00:19:05', 1),
(256, 'Cell', 119, 'update', 'value', '5.38', '10.76', '2019-09-26 00:19:05', 1),
(257, 'Cell', 120, 'update', 'value', '4833.27', '9666.54', '2019-09-26 00:19:05', 1),
(258, 'Cell', 121, 'update', 'value', '766.85', '1533.7', '2019-09-26 00:19:05', 1),
(259, 'Cell', 122, 'update', 'value', '5605.50', '11211', '2019-09-26 00:19:05', 1),
(260, 'Cell', 123, 'update', 'value', '-5697.63', '-11395.26', '2019-09-26 00:19:05', 1),
(261, 'Cell', 93, 'update', 'value', '790.35', '790.3548', '2019-09-26 00:19:06', 1),
(262, 'Cell', 94, 'update', 'value', '7544.23', '7544.2348', '2019-09-26 00:19:07', 1),
(263, 'Cell', 106, 'update', 'value', '-7636.36', '-7636.3648', '2019-09-26 00:19:07', 1),
(264, 'Cell', 145, 'update', 'value', '766.85', '766.854', '2019-09-26 00:19:07', 1),
(265, 'Cell', 146, 'update', 'value', '5605.50', '5605.504', '2019-09-26 00:19:08', 1),
(266, 'Cell', 147, 'update', 'value', '-5697.63', '-5697.634', '2019-09-26 00:19:08', 1),
(267, 'Cell', 148, 'insert', NULL, NULL, NULL, '2019-09-26 00:19:08', 1),
(268, 'Cell', 149, 'insert', NULL, NULL, NULL, '2019-09-26 00:19:08', 1),
(269, 'Cell', 150, 'insert', NULL, NULL, NULL, '2019-09-26 00:19:08', 1),
(270, 'Cell', 151, 'insert', NULL, NULL, NULL, '2019-09-26 00:19:08', 1),
(271, 'Cell', 152, 'insert', NULL, NULL, NULL, '2019-09-26 00:19:08', 1),
(272, 'Cell', 153, 'insert', NULL, NULL, NULL, '2019-09-26 00:19:08', 1),
(273, 'Cell', 154, 'insert', NULL, NULL, NULL, '2019-09-26 00:19:09', 1),
(274, 'Cell', 155, 'insert', NULL, NULL, NULL, '2019-09-26 00:19:09', 1),
(275, 'Cell', 132, 'update', 'value', '57.72', '115.44', '2019-09-26 00:19:09', 1),
(276, 'Cell', 133, 'update', 'value', '57.72', '115.44', '2019-09-26 00:19:09', 1),
(277, 'Cell', 134, 'update', 'value', '34.41', '68.82', '2019-09-26 00:19:10', 1),
(278, 'Cell', 135, 'update', 'value', '5.38', '10.76', '2019-09-26 00:19:10', 1),
(279, 'Cell', 136, 'update', 'value', '6406.87', '12813.74', '2019-09-26 00:19:10', 1),
(280, 'Cell', 137, 'update', 'value', '822.80', '1645.6', '2019-09-26 00:19:10', 1),
(281, 'Cell', 138, 'update', 'value', '7235.05', '14470.1', '2019-09-26 00:19:10', 1),
(282, 'Cell', 139, 'update', 'value', '-7327.18', '-14654.36', '2019-09-26 00:19:10', 1),
(283, 'Cell', 86, 'update', 'value', '1342.44', '1342.44432', '2019-09-26 00:19:17', 1),
(284, 'Cell', 87, 'update', 'value', '10687.39', '10687.39432', '2019-09-26 00:19:17', 1),
(285, 'Cell', 105, 'update', 'value', '6334.85', '-5019.52432', '2019-09-26 00:19:17', 1),
(286, 'Cell', 105, 'update', 'source', 'calculated', 'import', '2019-09-26 00:19:17', 1),
(287, 'Cell', 57, 'update', 'value', '33113.61', '21759.24', '2019-09-26 00:19:17', 1),
(288, 'Cell', 86, 'update', 'value', '1342.44', '1342.44432', '2019-09-26 00:19:18', 1),
(289, 'Cell', 87, 'update', 'value', '10687.39', '10687.39432', '2019-09-26 00:19:19', 1),
(290, 'Cell', 105, 'update', 'value', '-5019.52', '-5019.52432', '2019-09-26 00:19:19', 1),
(291, 'Cell', 156, 'insert', NULL, NULL, NULL, '2019-09-26 00:19:19', 1),
(292, 'Cell', 157, 'insert', NULL, NULL, NULL, '2019-09-26 00:19:19', 1),
(293, 'Cell', 158, 'insert', NULL, NULL, NULL, '2019-09-26 00:19:19', 1),
(294, 'Cell', 159, 'insert', NULL, NULL, NULL, '2019-09-26 00:19:19', 1),
(295, 'Cell', 160, 'insert', NULL, NULL, NULL, '2019-09-26 00:19:19', 1),
(296, 'Cell', 161, 'insert', NULL, NULL, NULL, '2019-09-26 00:19:19', 1),
(297, 'Cell', 162, 'insert', NULL, NULL, NULL, '2019-09-26 00:19:20', 1),
(298, 'Cell', 163, 'insert', NULL, NULL, NULL, '2019-09-26 00:19:20', 1),
(299, 'Cell', 164, 'insert', NULL, NULL, NULL, '2019-09-26 00:19:20', 1),
(300, 'Cell', 165, 'insert', NULL, NULL, NULL, '2019-09-26 00:19:20', 1),
(301, 'Cell', 166, 'insert', NULL, NULL, NULL, '2019-09-26 00:19:20', 1),
(302, 'Cell', 167, 'insert', NULL, NULL, NULL, '2019-09-26 00:19:21', 1),
(303, 'Cell', 168, 'insert', NULL, NULL, NULL, '2019-09-26 00:19:21', 1),
(304, 'Cell', 169, 'insert', NULL, NULL, NULL, '2019-09-26 00:19:21', 1),
(305, 'Cell', 116, 'update', 'value', '115.44', '173.16', '2019-09-26 00:19:21', 1),
(306, 'Cell', 117, 'update', 'value', '115.44', '451.56', '2019-09-26 00:19:21', 1),
(307, 'Cell', 118, 'update', 'value', '68.82', '103.23', '2019-09-26 00:19:21', 1),
(308, 'Cell', 119, 'update', 'value', '10.76', '16.14', '2019-09-26 00:19:22', 1),
(309, 'Cell', 120, 'update', 'value', '9666.54', '14779.52', '2019-09-26 00:19:22', 1),
(310, 'Cell', 121, 'update', 'value', '1533.70', '2300.55', '2019-09-26 00:19:22', 1),
(311, 'Cell', 122, 'update', 'value', '11211.00', '17096.21', '2019-09-26 00:19:22', 1),
(312, 'Cell', 123, 'update', 'value', '-11395.26', '-8371', '2019-09-26 00:19:22', 1),
(313, 'Cell', 86, 'update', 'value', '1342.44', '1342.44432', '2019-09-26 00:19:23', 1),
(314, 'Cell', 87, 'update', 'value', '10687.39', '10687.39432', '2019-09-26 00:19:23', 1),
(315, 'Cell', 105, 'update', 'value', '-5019.52', '-5019.52432', '2019-09-26 00:19:24', 1),
(316, 'Cell', 164, 'update', 'value', '766.85', '766.854', '2019-09-26 00:19:24', 1),
(317, 'Cell', 165, 'update', 'value', '5885.21', '5885.214', '2019-09-26 00:19:24', 1),
(318, 'Cell', 166, 'update', 'value', '3024.26', '3024.256', '2019-09-26 00:19:24', 1),
(319, 'Cell', 170, 'insert', NULL, NULL, NULL, '2019-09-26 00:19:25', 1),
(320, 'Cell', 171, 'insert', NULL, NULL, NULL, '2019-09-26 00:19:25', 1),
(321, 'Cell', 172, 'insert', NULL, NULL, NULL, '2019-09-26 00:19:25', 1),
(322, 'Cell', 173, 'insert', NULL, NULL, NULL, '2019-09-26 00:19:25', 1),
(323, 'Cell', 174, 'insert', NULL, NULL, NULL, '2019-09-26 00:19:25', 1),
(324, 'Cell', 175, 'insert', NULL, NULL, NULL, '2019-09-26 00:19:25', 1),
(325, 'Cell', 176, 'insert', NULL, NULL, NULL, '2019-09-26 00:19:25', 1),
(326, 'Cell', 177, 'insert', NULL, NULL, NULL, '2019-09-26 00:19:25', 1),
(327, 'Cell', 178, 'insert', NULL, NULL, NULL, '2019-09-26 00:19:25', 1),
(328, 'Cell', 179, 'insert', NULL, NULL, NULL, '2019-09-26 00:19:26', 1),
(329, 'Cell', 180, 'insert', NULL, NULL, NULL, '2019-09-26 00:19:27', 1),
(330, 'Cell', 181, 'insert', NULL, NULL, NULL, '2019-09-26 00:19:27', 1),
(331, 'Cell', 132, 'update', 'value', '115.44', '173.16', '2019-09-26 00:19:27', 1),
(332, 'Cell', 133, 'update', 'value', '115.44', '173.16', '2019-09-26 00:19:28', 1),
(333, 'Cell', 134, 'update', 'value', '68.82', '103.23', '2019-09-26 00:19:28', 1),
(334, 'Cell', 135, 'update', 'value', '10.76', '16.14', '2019-09-26 00:19:28', 1),
(335, 'Cell', 136, 'update', 'value', '12813.74', '16930.51', '2019-09-26 00:19:28', 1),
(336, 'Cell', 137, 'update', 'value', '1645.60', '2245.55', '2019-09-26 00:19:28', 1),
(337, 'Cell', 138, 'update', 'value', '14470.10', '19192.2', '2019-09-26 00:19:28', 1),
(338, 'Cell', 139, 'update', 'value', '-14654.36', '-9268.59', '2019-09-26 00:19:28', 1),
(339, 'Cell', 76, 'update', 'value', '779.46', '779.45544', '2019-09-26 00:19:35', 1),
(340, 'Cell', 77, 'update', 'value', '6485.66', '6485.65544', '2019-09-26 00:19:36', 1),
(341, 'Cell', 104, 'update', 'value', '9080.45', '1716.61456', '2019-09-26 00:19:36', 1),
(342, 'Cell', 104, 'update', 'source', 'calculated', 'import', '2019-09-26 00:19:36', 1),
(343, 'Cell', 57, 'update', 'value', '21759.24', '14395.4', '2019-09-26 00:19:36', 1),
(344, 'Cell', 76, 'update', 'value', '779.46', '779.45544', '2019-09-26 00:19:38', 1),
(345, 'Cell', 77, 'update', 'value', '6485.66', '6485.65544', '2019-09-26 00:19:38', 1),
(346, 'Cell', 104, 'update', 'value', '1716.61', '1716.61456', '2019-09-26 00:19:38', 1),
(347, 'Cell', 182, 'insert', NULL, NULL, NULL, '2019-09-26 00:19:38', 1),
(348, 'Cell', 183, 'insert', NULL, NULL, NULL, '2019-09-26 00:19:38', 1),
(349, 'Cell', 184, 'insert', NULL, NULL, NULL, '2019-09-26 00:19:38', 1),
(350, 'Cell', 185, 'insert', NULL, NULL, NULL, '2019-09-26 00:19:38', 1),
(351, 'Cell', 186, 'insert', NULL, NULL, NULL, '2019-09-26 00:19:38', 1),
(352, 'Cell', 187, 'insert', NULL, NULL, NULL, '2019-09-26 00:19:39', 1),
(353, 'Cell', 188, 'insert', NULL, NULL, NULL, '2019-09-26 00:19:39', 1),
(354, 'Cell', 189, 'insert', NULL, NULL, NULL, '2019-09-26 00:19:39', 1),
(355, 'Cell', 190, 'insert', NULL, NULL, NULL, '2019-09-26 00:19:39', 1),
(356, 'Cell', 191, 'insert', NULL, NULL, NULL, '2019-09-26 00:19:39', 1),
(357, 'Cell', 192, 'insert', NULL, NULL, NULL, '2019-09-26 00:19:39', 1),
(358, 'Cell', 193, 'insert', NULL, NULL, NULL, '2019-09-26 00:19:39', 1),
(359, 'Cell', 167, 'update', 'value', '9280.00', '19140', '2019-09-26 00:19:40', 1),
(360, 'Cell', 168, 'update', 'value', '9280.00', '19140', '2019-09-26 00:19:40', 1),
(361, 'Cell', 169, 'update', 'value', '278.40', '574.2', '2019-09-26 00:19:40', 1),
(362, 'Cell', 116, 'update', 'value', '173.16', '230.88', '2019-09-26 00:19:40', 1),
(363, 'Cell', 194, 'insert', NULL, NULL, NULL, '2019-09-26 00:19:40', 1),
(364, 'Cell', 117, 'update', 'value', '451.56', '2228.53', '2019-09-26 00:19:40', 1),
(365, 'Cell', 118, 'update', 'value', '103.23', '137.64', '2019-09-26 00:19:40', 1),
(366, 'Cell', 119, 'update', 'value', '16.14', '21.52', '2019-09-26 00:19:40', 1),
(367, 'Cell', 120, 'update', 'value', '14779.52', '19891.08', '2019-09-26 00:19:41', 1),
(368, 'Cell', 121, 'update', 'value', '2300.55', '3067.4', '2019-09-26 00:19:41', 1),
(369, 'Cell', 122, 'update', 'value', '17096.21', '22980', '2019-09-26 00:19:41', 1),
(370, 'Cell', 123, 'update', 'value', '-8371.00', '-6206.17', '2019-09-26 00:19:41', 1),
(371, 'Cell', 76, 'update', 'value', '779.46', '779.45544', '2019-09-26 00:19:42', 1),
(372, 'Cell', 77, 'update', 'value', '6485.66', '6485.65544', '2019-09-26 00:19:43', 1),
(373, 'Cell', 104, 'update', 'value', '1716.61', '1716.61456', '2019-09-26 00:19:43', 1),
(374, 'Cell', 191, 'update', 'value', '766.85', '766.854', '2019-09-26 00:19:43', 1),
(375, 'Cell', 192, 'update', 'value', '5883.79', '5883.794', '2019-09-26 00:19:43', 1),
(376, 'Cell', 193, 'update', 'value', '2164.83', '2164.826', '2019-09-26 00:19:43', 1),
(377, 'Cell', 195, 'insert', NULL, NULL, NULL, '2019-09-26 00:19:44', 1),
(378, 'Cell', 196, 'insert', NULL, NULL, NULL, '2019-09-26 00:19:44', 1),
(379, 'Cell', 197, 'insert', NULL, NULL, NULL, '2019-09-26 00:19:44', 1),
(380, 'Cell', 198, 'insert', NULL, NULL, NULL, '2019-09-26 00:19:44', 1),
(381, 'Cell', 199, 'insert', NULL, NULL, NULL, '2019-09-26 00:19:44', 1),
(382, 'Cell', 200, 'insert', NULL, NULL, NULL, '2019-09-26 00:19:44', 1),
(383, 'Cell', 201, 'insert', NULL, NULL, NULL, '2019-09-26 00:19:44', 1),
(384, 'Cell', 202, 'insert', NULL, NULL, NULL, '2019-09-26 00:19:45', 1),
(385, 'Cell', 203, 'insert', NULL, NULL, NULL, '2019-09-26 00:19:45', 1),
(386, 'Cell', 204, 'insert', NULL, NULL, NULL, '2019-09-26 00:19:45', 1),
(387, 'Cell', 205, 'insert', NULL, NULL, NULL, '2019-09-26 00:19:45', 1),
(388, 'Cell', 180, 'update', 'value', '10200.00', '18870', '2019-09-26 00:19:46', 1),
(389, 'Cell', 181, 'update', 'value', '10200.00', '18870', '2019-09-26 00:19:46', 1),
(390, 'Cell', 132, 'update', 'value', '173.16', '230.88', '2019-09-26 00:19:46', 1),
(391, 'Cell', 206, 'insert', NULL, NULL, NULL, '2019-09-26 00:19:46', 1),
(392, 'Cell', 133, 'update', 'value', '173.16', '552.88', '2019-09-26 00:19:46', 1),
(393, 'Cell', 134, 'update', 'value', '103.23', '137.64', '2019-09-26 00:19:46', 1),
(394, 'Cell', 135, 'update', 'value', '16.14', '21.52', '2019-09-26 00:19:46', 1),
(395, 'Cell', 136, 'update', 'value', '16930.51', '21928.1', '2019-09-26 00:19:47', 1),
(396, 'Cell', 137, 'update', 'value', '2245.55', '2989.92', '2019-09-26 00:19:47', 1),
(397, 'Cell', 138, 'update', 'value', '19192.20', '24939.54', '2019-09-26 00:19:47', 1),
(398, 'Cell', 139, 'update', 'value', '-9268.59', '-6760.06', '2019-09-26 00:19:47', 1),
(399, 'Cell', 66, 'update', 'value', '779.46', '779.45544', '2019-09-26 00:19:52', 1),
(400, 'Cell', 67, 'update', 'value', '6485.66', '6485.65544', '2019-09-26 00:19:52', 1),
(401, 'Cell', 103, 'update', 'value', '17566.85', '9550.21456', '2019-09-26 00:19:52', 1),
(402, 'Cell', 103, 'update', 'source', 'calculated', 'import', '2019-09-26 00:19:52', 1),
(403, 'Cell', 57, 'update', 'value', '14395.40', '6378.76', '2019-09-26 00:19:53', 1),
(404, 'Cell', 66, 'update', 'value', '779.46', '779.45544', '2019-09-26 00:19:54', 1),
(405, 'Cell', 67, 'update', 'value', '6485.66', '6485.65544', '2019-09-26 00:19:54', 1),
(406, 'Cell', 103, 'update', 'value', '9550.21', '9550.21456', '2019-09-26 00:19:54', 1),
(407, 'Cell', 207, 'insert', NULL, NULL, NULL, '2019-09-26 00:19:54', 1),
(408, 'Cell', 208, 'insert', NULL, NULL, NULL, '2019-09-26 00:19:55', 1),
(409, 'Cell', 209, 'insert', NULL, NULL, NULL, '2019-09-26 00:19:55', 1),
(410, 'Cell', 210, 'insert', NULL, NULL, NULL, '2019-09-26 00:19:55', 1),
(411, 'Cell', 211, 'insert', NULL, NULL, NULL, '2019-09-26 00:19:55', 1),
(412, 'Cell', 212, 'insert', NULL, NULL, NULL, '2019-09-26 00:19:55', 1),
(413, 'Cell', 213, 'insert', NULL, NULL, NULL, '2019-09-26 00:19:55', 1),
(414, 'Cell', 214, 'insert', NULL, NULL, NULL, '2019-09-26 00:19:55', 1),
(415, 'Cell', 215, 'insert', NULL, NULL, NULL, '2019-09-26 00:19:55', 1),
(416, 'Cell', 216, 'insert', NULL, NULL, NULL, '2019-09-26 00:19:56', 1),
(417, 'Cell', 217, 'insert', NULL, NULL, NULL, '2019-09-26 00:19:56', 1),
(418, 'Cell', 218, 'insert', NULL, NULL, NULL, '2019-09-26 00:19:56', 1),
(419, 'Cell', 167, 'update', 'value', '19140.00', '29000', '2019-09-26 00:19:56', 1),
(420, 'Cell', 168, 'update', 'value', '19140.00', '29000', '2019-09-26 00:19:56', 1),
(421, 'Cell', 169, 'update', 'value', '574.20', '870', '2019-09-26 00:19:56', 1),
(422, 'Cell', 116, 'update', 'value', '230.88', '288.6', '2019-09-26 00:19:56', 1),
(423, 'Cell', 194, 'update', 'value', '1423.45', '3084.26', '2019-09-26 00:19:57', 1),
(424, 'Cell', 117, 'update', 'value', '2228.53', '4242.86', '2019-09-26 00:19:57', 1),
(425, 'Cell', 118, 'update', 'value', '137.64', '172.05', '2019-09-26 00:19:57', 1),
(426, 'Cell', 119, 'update', 'value', '21.52', '26.9', '2019-09-26 00:19:57', 1),
(427, 'Cell', 120, 'update', 'value', '19891.08', '25002.64', '2019-09-26 00:19:57', 1),
(428, 'Cell', 121, 'update', 'value', '3067.40', '3834.25', '2019-09-26 00:19:57', 1),
(429, 'Cell', 122, 'update', 'value', '22980.00', '28863.79', '2019-09-26 00:19:58', 1),
(430, 'Cell', 123, 'update', 'value', '-6206.17', '-4278.7', '2019-09-26 00:19:58', 1),
(431, 'Cell', 66, 'update', 'value', '779.46', '779.45544', '2019-09-26 00:19:59', 1),
(432, 'Cell', 67, 'update', 'value', '6485.66', '6485.65544', '2019-09-26 00:19:59', 1),
(433, 'Cell', 103, 'update', 'value', '9550.21', '9550.21456', '2019-09-26 00:19:59', 1),
(434, 'Cell', 216, 'update', 'value', '766.85', '766.854', '2019-09-26 00:20:00', 1),
(435, 'Cell', 217, 'update', 'value', '5883.79', '5883.794', '2019-09-26 00:20:00', 1),
(436, 'Cell', 218, 'update', 'value', '1927.47', '1927.466', '2019-09-26 00:20:00', 1),
(437, 'Cell', 219, 'insert', NULL, NULL, NULL, '2019-09-26 00:20:01', 1),
(438, 'Cell', 220, 'insert', NULL, NULL, NULL, '2019-09-26 00:20:01', 1),
(439, 'Cell', 221, 'insert', NULL, NULL, NULL, '2019-09-26 00:20:01', 1),
(440, 'Cell', 222, 'insert', NULL, NULL, NULL, '2019-09-26 00:20:01', 1),
(441, 'Cell', 223, 'insert', NULL, NULL, NULL, '2019-09-26 00:20:01', 1),
(442, 'Cell', 224, 'insert', NULL, NULL, NULL, '2019-09-26 00:20:01', 1),
(443, 'Cell', 225, 'insert', NULL, NULL, NULL, '2019-09-26 00:20:01', 1),
(444, 'Cell', 226, 'insert', NULL, NULL, NULL, '2019-09-26 00:20:01', 1),
(445, 'Cell', 227, 'insert', NULL, NULL, NULL, '2019-09-26 00:20:01', 1),
(446, 'Cell', 228, 'insert', NULL, NULL, NULL, '2019-09-26 00:20:01', 1),
(447, 'Cell', 229, 'insert', NULL, NULL, NULL, '2019-09-26 00:20:02', 1),
(448, 'Cell', 180, 'update', 'value', '18870.00', '30090', '2019-09-26 00:20:03', 1),
(449, 'Cell', 181, 'update', 'value', '18870.00', '30090', '2019-09-26 00:20:03', 1),
(450, 'Cell', 132, 'update', 'value', '230.88', '288.6', '2019-09-26 00:20:03', 1),
(451, 'Cell', 206, 'update', 'value', '322.00', '644', '2019-09-26 00:20:03', 1),
(452, 'Cell', 133, 'update', 'value', '552.88', '932.6', '2019-09-26 00:20:03', 1),
(453, 'Cell', 134, 'update', 'value', '137.64', '172.05', '2019-09-26 00:20:03', 1),
(454, 'Cell', 135, 'update', 'value', '21.52', '26.9', '2019-09-26 00:20:04', 1),
(455, 'Cell', 136, 'update', 'value', '21928.10', '26925.69', '2019-09-26 00:20:04', 1),
(456, 'Cell', 137, 'update', 'value', '2989.92', '3734.29', '2019-09-26 00:20:04', 1),
(457, 'Cell', 138, 'update', 'value', '24939.54', '30686.88', '2019-09-26 00:20:04', 1),
(458, 'Cell', 139, 'update', 'value', '-6760.06', '-1701.53', '2019-09-26 00:20:04', 1),
(459, 'Cell', 230, 'insert', NULL, NULL, NULL, '2019-09-26 00:22:15', 1),
(460, 'Cell', 231, 'insert', NULL, NULL, NULL, '2019-09-26 00:22:15', 1),
(461, 'Cell', 232, 'insert', NULL, NULL, NULL, '2019-09-26 00:22:15', 1),
(462, 'Cell', 233, 'insert', NULL, NULL, NULL, '2019-09-26 00:22:15', 1),
(463, 'Cell', 234, 'insert', NULL, NULL, NULL, '2019-09-26 00:22:17', 1),
(464, 'Cell', 235, 'insert', NULL, NULL, NULL, '2019-09-26 00:22:17', 1),
(465, 'Cell', 236, 'insert', NULL, NULL, NULL, '2019-09-26 00:22:17', 1),
(466, 'Cell', 237, 'insert', NULL, NULL, NULL, '2019-09-26 00:22:17', 1),
(467, 'Users', 75, 'insert', NULL, NULL, NULL, '2019-10-03 22:42:48', 1),
(468, 'Users', 76, 'insert', NULL, NULL, NULL, '2019-10-03 22:51:17', 1),
(469, 'Users', 76, 'delete', NULL, NULL, NULL, '2019-10-03 22:52:30', 1),
(470, 'Users', 75, 'delete', NULL, NULL, NULL, '2019-10-03 22:57:43', 1),
(471, 'Users', 77, 'insert', NULL, NULL, NULL, '2019-10-03 23:00:20', 1),
(472, 'Users', 77, 'delete', NULL, NULL, NULL, '2019-10-03 23:00:47', 1),
(473, 'Users', 78, 'insert', NULL, NULL, NULL, '2019-10-04 21:39:32', 1),
(474, 'Users', 78, 'update', 'name', 'AAtestAAAA', 'AAtestAAAAqqscqs csq', '2019-10-04 21:40:08', 1),
(475, 'Associates', 20, 'delete', NULL, NULL, NULL, '2019-10-05 20:09:59', 1),
(476, 'Associates', 25, 'delete', NULL, NULL, NULL, '2019-10-05 20:15:23', 1),
(477, 'Associates', 6, 'update', 'contactNumber', NULL, '00331056603', '2019-10-05 20:19:58', 1),
(478, 'Associates', 9, 'update', 'idUsers', NULL, '62', '2019-10-05 20:27:35', 1),
(479, 'Associates', 9, 'update', 'email', NULL, 'axsa@sas.sa', '2019-10-05 20:27:35', 1),
(480, 'Associates', 9, 'update', 'contactNumber', NULL, '101233', '2019-10-05 20:27:35', 1),
(481, 'Associates', 9, 'update', 'address', NULL, 'zc5  d5d1 cdcqs3qs ', '2019-10-05 20:27:35', 1),
(482, 'Associates', 9, 'update', 'idAssociateStatus', '1', '6', '2019-10-05 20:27:35', 1),
(483, 'Associates', 27, 'update', 'idUsers', NULL, '61', '2019-10-05 20:28:17', 1),
(484, 'Associates', 27, 'update', 'email', NULL, 'dcd@cdcd.cd', '2019-10-05 20:28:17', 1),
(485, 'Associates', 27, 'update', 'contactNumber', NULL, '11033216580', '2019-10-05 20:28:17', 1),
(486, 'Associates', 27, 'update', 'address', NULL, 's1 12d33d  dsdsd zaz d', '2019-10-05 20:28:17', 1),
(487, 'Associates', 27, 'update', 'idAssociateStatus', '1', '5', '2019-10-05 20:28:17', 1),
(488, 'Users', 49, 'update', 'name', 'ccss - test UPDATEassscaa', 'AAAAAAAA test UPDATEassscaa', '2019-10-05 21:10:24', 1),
(489, 'Users', 49, 'update', 'email', 'mathieu.beau@gssc', 'mathieu.bAAeau@gssc', '2019-10-05 21:10:24', 1),
(490, 'Users', 49, 'update', 'idUserProfile', '8', '9', '2019-10-05 21:10:24', 1),
(491, 'Users', 49, 'update', 'idUserStatus', '3', '2', '2019-10-05 21:10:24', 1),
(492, 'Users', 63, 'update', 'name', 'AAtestAAAA', 'AAtestAAAAaaaaaaa', '2019-10-05 21:12:16', 1),
(493, 'Users', 78, 'update', 'email', 'AA@aa1023.a', 'AA@aa1023.aAAAAA', '2019-10-05 21:13:43', 1),
(494, 'Users', 78, 'update', 'email', 'AA@aa1023.aAAAAA', 'AA@aa1023.aAAAA0000', '2019-10-05 21:14:37', 1),
(495, 'Users', 78, 'update', 'idUserProfile', '8', '9', '2019-10-05 21:14:37', 1),
(496, 'Users', 78, 'update', 'idUserStatus', '1', '2', '2019-10-05 21:14:37', 1),
(497, 'Users', 78, 'update', 'email', 'AA@aa1023.aAAAA0000', 'AA@aa1023.aAAA111111', '2019-10-05 21:16:36', 1),
(498, 'Users', 49, 'update', 'name', 'AAAAAAAA test UPDATEassscaa', 'AAAAAAAA test 0000000', '2019-10-05 21:20:46', 1),
(499, 'Users', 49, 'update', 'name', 'AAAAAAAA test 0000000', 'AAAAAAAA test 0AAAAAAAA', '2019-10-05 21:21:11', 1),
(500, 'Users', 49, 'update', 'idUserProfile', '9', '8', '2019-10-05 21:21:21', 1),
(501, 'Users', 63, 'update', 'idUserProfile', '8', '10', '2019-10-05 21:30:13', 1),
(502, 'Users', 63, 'update', 'idUserStatus', '1', '2', '2019-10-05 21:30:13', 1),
(503, 'Users', 79, 'insert', NULL, NULL, NULL, '2019-10-05 21:30:48', 1),
(504, 'Users', 79, 'delete', NULL, NULL, NULL, '2019-10-05 21:31:27', 1),
(505, 'Users', 49, 'update', 'password', '$2y$10$eyJrqTnlzpBuw7wkcx7mL.Zlq2iSU6MdND9jzWEef3FYRxY8rpUTq', 'Mathinfo', '2019-10-05 21:32:58', 1),
(506, 'Users', 49, 'update', 'password', 'Mathinfo', '$2y$10$U8jHpyLAUxgQiUdVfJxUQegEtfRn5VLPPAlE9ss9QkFQF8.kerJGm', '2019-10-05 22:17:59', 1),
(507, 'Users', 49, 'update', 'password', '$2y$10$U8jHpyLAUxgQiUdVfJxUQegEtfRn5VLPPAlE9ss9QkFQF8.kerJGm', '$2y$10$LVEARREUfYwbR5yKnLZF8uhh..wluYhbbuwYusp3DPe9U2Rd1AvEu', '2019-10-05 22:18:31', 1),
(508, 'Users', 49, 'update', 'password', '$2y$10$LVEARREUfYwbR5yKnLZF8uhh..wluYhbbuwYusp3DPe9U2Rd1AvEu', '$2y$10$.1OE7wBS7KKYsxKCn9uksebZNxMOVd7MwXnwlXbKu9gSWwTeJWscG', '2019-10-05 22:19:11', 1),
(509, 'Users', 49, 'update', 'idUserStatus', '2', '1', '2019-10-05 22:22:57', 1),
(510, 'Users', 49, 'delete', NULL, NULL, NULL, '2019-10-05 22:26:12', 1),
(511, 'Users', 63, 'delete', NULL, NULL, NULL, '2019-10-05 22:26:22', 1),
(512, 'Users', 78, 'delete', NULL, NULL, NULL, '2019-10-05 22:26:27', 1),
(513, 'Users', 37, 'delete', NULL, NULL, NULL, '2019-10-05 22:27:45', 1),
(514, 'Users', 44, 'delete', NULL, NULL, NULL, '2019-10-05 22:27:48', 1),
(515, 'Users', 48, 'delete', NULL, NULL, NULL, '2019-10-05 22:27:54', 1);

-- --------------------------------------------------------

--
-- Structure de la table `linedef`
--

DROP TABLE IF EXISTS `linedef`;
CREATE TABLE `linedef` (
  `id` bigint(20) NOT NULL,
  `type` varchar(10) NOT NULL,
  `code` varchar(45) NOT NULL,
  `name` varchar(100) NOT NULL,
  `description` varchar(500) DEFAULT NULL,
  `sortOrder` int(3) NOT NULL,
  `isCalculate` tinyint(4) DEFAULT 0,
  `calculationRule` varchar(100) DEFAULT NULL,
  `hasAutoSum` tinyint(4) NOT NULL DEFAULT 1,
  `isReadonly` tinyint(4) NOT NULL DEFAULT 0,
  `isHidden` tinyint(4) NOT NULL DEFAULT 0,
  `validityEndDate` datetime NOT NULL DEFAULT '2099-12-31 00:00:00',
  `canNull` tinyint(4) NOT NULL DEFAULT 0
) ENGINE=InnoDB DEFAULT CHARSET=latin1;

--
-- Déchargement des données de la table `linedef`
--

INSERT INTO `linedef` (`id`, `type`, `code`, `name`, `description`, `sortOrder`, `isCalculate`, `calculationRule`, `hasAutoSum`, `isReadonly`, `isHidden`, `validityEndDate`, `canNull`) VALUES
(1, 'MENS', 'BRUT', 'Brut - Cadre (€)', '', 100, 0, '', 1, 0, 0, '2099-12-31 00:00:00', 1),
(2, 'MENS', 'NET_PAYE', 'Net payé (€)', '', 110, 0, '', 1, 0, 0, '2099-12-31 00:00:00', 1),
(3, 'MENS', 'NET', 'Net avant PAS (€)', '', 120, 0, '', 1, 0, 0, '2099-12-31 00:00:00', 1),
(4, 'MENS', 'COUT_TOTAL', 'COÛT TOTAL POUR EMPLOYEUR', '', 199, 1, '[BRUT]+[NET]', 1, 1, 0, '2099-12-31 00:00:00', 0),
(5, 'MENS', 'JOURS', 'NbJours travaillés', '', 200, 0, '', 1, 0, 0, '2099-12-31 00:00:00', 1),
(6, 'MENS', 'TJ', 'TJM', '', 210, 1, '[PROD_TOTAL] / [JOURS]', 1, 1, 0, '2099-12-31 00:00:00', 0),
(7, 'MENS', 'PREST', 'Presta services 20%', '', 220, 0, '', 1, 0, 0, '2099-12-31 00:00:00', 0),
(8, 'MENS', 'PREST_AUTRE', 'Prod. activités annexes', '', 230, 0, '', 1, 0, 0, '2099-12-31 00:00:00', 0),
(9, 'MENS', 'PROD_TOTAL', 'PRODUCTION TOTALE', '', 299, 1, '[PREST] + [PREST_AUTRE]', 1, 1, 0, '2099-12-31 00:00:00', 0),
(10, 'MENS', 'ACHAT_FO', 'ACHATS FO CONSO', '', 399, 0, '', 1, 0, 0, '2099-12-31 00:00:00', 0),
(11, 'MENS', 'GESTION', 'Prestations Gestion Lascii', '', 400, 0, '', 1, 0, 0, '2099-12-31 00:00:00', 0),
(12, 'MENS', 'CHARGE_EXT_FIXE', 'Charges externes fixes', '', 410, 0, '', 1, 0, 0, '2099-12-31 00:00:00', 0),
(13, 'MENS', 'LOC_VL', 'Location véhicules', '', 420, 0, '', 1, 0, 0, '2099-12-31 00:00:00', 0),
(14, 'MENS', 'FRAIS_DEPL', 'Frais déplacements', '', 430, 0, '', 1, 0, 0, '2099-12-31 00:00:00', 0),
(15, 'MENS', 'CHARGE_EXT', 'AUTRES CHARGES EXTERNES', '', 499, 1, '[GESTION]+[CHARGE_EXT_FIXE]+[LOC_VL]+[FRAIS_DEPL]', 1, 1, 0, '2099-12-31 00:00:00', 0),
(16, 'MENS', 'TAXES', 'IMPOTS ET TAXES', '', 599, 0, '', 1, 0, 0, '2099-12-31 00:00:00', 0),
(17, 'MENS', 'CHARGE_PERSO_FIXE', 'Charges de personnel fixes', '', 600, 0, '', 1, 0, 0, '2099-12-31 00:00:00', 0),
(18, 'MENS', 'CHARGE_PERSO_VAR', 'Charges de personnel variables', '', 610, 0, '', 1, 0, 0, '2099-12-31 00:00:00', 0),
(19, 'MENS', 'INTERESS', 'Interessement Forfait Social', '', 620, 0, '', 1, 0, 0, '2099-12-31 00:00:00', 0),
(20, 'MENS', 'CHARGE_PERSO', 'CHARGES DE PERSONNEL', '', 699, 1, '[CHARGE_PERSO_FIXE]+[CHARGE_PERSO_VAR]+[INTERESS]', 1, 0, 0, '2099-12-31 00:00:00', 0),
(21, 'MENS', 'TRESO', 'E.B.E. APPROCHÉ*', '', 999, 1, '[PROD_TOTAL]+[ACHAT_FO]+[CHARGE_EXT]+[TAXES]+[CHARGE_PERSO]', 1, 0, 0, '2099-12-31 00:00:00', 0);

-- --------------------------------------------------------

--
-- Structure de la table `reportitem`
--

DROP TABLE IF EXISTS `reportitem`;
CREATE TABLE `reportitem` (
  `id` bigint(20) NOT NULL,
  `idReports` bigint(20) NOT NULL,
  `idLineDef` bigint(20) NOT NULL,
  `sortOrder` int(3) UNSIGNED DEFAULT NULL
) ENGINE=InnoDB DEFAULT CHARSET=utf8mb4;

-- --------------------------------------------------------

--
-- Structure de la table `reports`
--

DROP TABLE IF EXISTS `reports`;
CREATE TABLE `reports` (
  `id` bigint(20) NOT NULL,
  `name` varchar(256) NOT NULL,
  `description` text DEFAULT NULL
) ENGINE=InnoDB DEFAULT CHARSET=utf8mb4;

--
-- Déchargement des données de la table `reports`
--

INSERT INTO `reports` (`id`, `name`, `description`) VALUES
(1, 'Paye', NULL),
(2, 'Comptable', NULL);

-- --------------------------------------------------------

--
-- Structure de la table `taux`
--

DROP TABLE IF EXISTS `taux`;
CREATE TABLE `taux` (
  `id` int(11) NOT NULL,
  `year` int(4) NOT NULL,
  `name` varchar(256) NOT NULL,
  `code` varchar(20) NOT NULL,
  `value` decimal(10,3) NOT NULL,
  `description` text NOT NULL,
  `created` timestamp NOT NULL DEFAULT current_timestamp(),
  `createdBy` int(11) DEFAULT NULL,
  `modified` timestamp NOT NULL DEFAULT current_timestamp() ON UPDATE current_timestamp(),
  `modifiedBy` int(11) DEFAULT NULL
) ENGINE=InnoDB DEFAULT CHARSET=utf8;

-- --------------------------------------------------------

--
-- Structure de la table `type`
--

DROP TABLE IF EXISTS `type`;
CREATE TABLE `type` (
  `id` bigint(20) UNSIGNED NOT NULL,
  `scope` varchar(100) NOT NULL,
  `name` varchar(100) NOT NULL,
  `sortOrder` int(3) UNSIGNED DEFAULT NULL,
  `color` varchar(50) DEFAULT NULL,
  `description` mediumtext DEFAULT NULL
) ENGINE=InnoDB DEFAULT CHARSET=utf8;

--
-- Déchargement des données de la table `type`
--

INSERT INTO `type` (`id`, `scope`, `name`, `sortOrder`, `color`, `description`) VALUES
(1, 'UserStatus', 'Actif', 10, 'bg-success', NULL),
(2, 'UserStatus', 'Inactif', 20, 'bg-secondary', NULL),
(3, 'UserStatus', 'Entregistré', 30, 'bg-warning', NULL),
(5, 'AssociateStatus', 'Actif/Employé', 10, 'bg-success', NULL),
(6, 'AssociateStatus', 'Inactif', 20, 'bg-secondary', NULL),
(8, 'UserProfile', 'Associé', 10, 'bg-light', NULL),
(9, 'UserProfile', 'Invité', 90, NULL, NULL),
(10, 'UserProfile', 'Admin', 20, 'bg-info', NULL);

-- --------------------------------------------------------

--
-- Structure de la table `users`
--

DROP TABLE IF EXISTS `users`;
CREATE TABLE `users` (
  `id` bigint(20) NOT NULL,
  `name` varchar(32) NOT NULL,
  `email` varchar(64) DEFAULT NULL,
  `password` varchar(512) NOT NULL,
  `idUserProfile` bigint(20) NOT NULL COMMENT '1=Associé,2=invité,9=Admin',
  `idUserStatus` bigint(20) NOT NULL COMMENT '1=actif,2=inactif,3=register,9=archive',
  `creationDateTime` timestamp NOT NULL DEFAULT current_timestamp(),
  `createdBy` bigint(20) DEFAULT NULL,
  `lastUpdateDateTime` timestamp NOT NULL DEFAULT current_timestamp(),
  `lastUpdateBy` bigint(20) DEFAULT NULL
) ENGINE=InnoDB DEFAULT CHARSET=utf8 COMMENT='Users of application';

--
-- Déchargement des données de la table `users`
--

INSERT INTO `users` (`id`, `name`, `email`, `password`, `idUserProfile`, `idUserStatus`, `creationDateTime`, `createdBy`, `lastUpdateDateTime`, `lastUpdateBy`) VALUES
(1, 'admin', 'admin@admin.com', '$2y$10$vsT3nOn2j2k.DpTw9VtCGeAikwt5nJbH1GadPWLK1UaebfWQA1BwS', 10, 1, '2019-08-04 14:26:18', 1, '2019-08-24 14:09:04', 1),
(2, 'mamath', 'mathieu.beau@gmail.com', '$2y$10$4ZC.aoIS9IJuJ3QSxOyGE.u50vTuS2smKfQkClYmkVuDxOZRUM8lK', 10, 1, '2019-08-04 14:25:47', 1, '2019-08-24 14:09:10', 1),
(23, 'Math - test UPDATEaaa', 'mathieu.beau@gmail.comaaa&', 'Test', 10, 1, '2019-08-07 00:20:21', 2, '2019-09-11 23:12:07', 1),
(46, 'Math - test UPDATEaaa', 'mathieu.beau@gmail.coma123', '$2y$10$1hax8jTSVg5FQUjiEPeslOZE33r3jBigzz8f6vp0M6MX79YV.Sx7m', 8, 3, '2019-08-25 17:48:26', 1, '2019-08-26 00:24:24', 1),
(50, 'Math - test UPDATEaaa', 'mathieu.beau@gmail.comerty', '$2y$10$f2V2h93SEFYHMsudsdAh4uCi5D3Glh9NyJBlkSWULmaYQp1ddJNYq', 8, 2, '2019-08-25 17:54:28', 1, '2019-08-30 16:58:05', 1),
(51, 'TEst3', 'mathieu.beau@gmail.cvdsvdvsdomaaaalmkj', '$2y$10$M0LSEtGdOmqsYNdNwPI24.5UX3P8FniAZuMQFXqx1u/O0hcDlWPQa', 10, 2, '2019-08-25 17:55:13', 1, '2019-09-02 20:15:38', 1),
(52, 'fdsd- tes i is', 'mathieu.beau@gmail.comdsqdg', '$2y$10$8FG.rZbdXm4Bi6mLG/WR5eQLtIeNteI44uuZxIMYDYwg6XtRmZphO', 8, 1, '2019-08-25 17:58:23', 1, '2019-08-30 17:08:26', 1),
(53, 'Math - test UPDATEaaa', 'mathieu.beau@gmail.com2aa', '$2y$10$/cJjFU5vM/DoY.J.VM.96uqors015m/nW2D6Eyh3jPEh/IeXpYK8u', 8, 2, '2019-08-25 23:03:10', 1, '2019-08-26 01:10:45', 1),
(54, 'Math - test UPDATEaaa', 'mathieu.beau@gmail.com2sdq', '$2y$10$KnYY8/Wu65JhNHjFS5JPOe2a1W2ecONydU4R8i0MY9aoewmAe.uqu', 8, 1, '2019-08-25 23:09:03', 1, '2019-08-25 23:09:03', 1),
(55, 'Le Test', 'mathieu.beau@gmail.com2dscs', '$2y$10$ubxLHlscc5K2U9cCqugG6uKRb5qlGDy6FZjSXac5FC1f2KJn.PSgK', 8, 1, '2019-08-25 23:11:30', 1, '2019-09-02 20:13:55', 1),
(56, 'Math - test UPDATEaaa', 'mathieu.beau@gmail.com2', '$2y$10$N.ddH.ndOQGoNU.nFzjy8uj7jMOTUUng8f/jYyFklvCtv6KC7fesm', 8, 1, '2019-08-25 23:38:04', 1, '2019-08-25 23:38:04', 1),
(58, 'teeatataetae', 'a@a.a', 'aaaaaaaaaa', 9, 3, '2019-08-30 16:30:01', 1, '2019-08-30 16:30:39', 1),
(59, 'ccss - test UPDATEassscaa', 'matddcvdieu.beau@gsscdcdc', '$2y$10$kfAZquDQU7tC5j7Ni0A83uncXWtM4ZZTW/d5/SOyUH4PrwhcRzuXq', 8, 3, '2019-09-11 22:44:31', 1, '2019-09-11 22:44:57', 1),
(61, 'Test', 'A.E@ff.de', 'Mathinfo', 9, 3, '2019-09-12 16:22:32', 1, '2019-09-12 16:22:32', 1),
(62, 'testst', 'tt@tet.te', 'dssdvcds', 8, 1, '2019-09-12 16:50:48', 1, '2019-09-12 16:50:48', 1),
(64, 'sdvcsdv', 'dsdvsd@vdv.d', 'ddddddd', 9, 3, '2019-09-12 16:56:29', 1, '2019-09-12 16:56:29', 1),
(65, 'sdvsdvsd', 'dsvsd@dsvds.vds', 'dsddsdvsd', 9, 3, '2019-09-12 16:57:22', 1, '2019-09-12 16:57:22', 1),
(66, 'Mathieu', 'sdvsdvsdvsd@vdsvsdv.dsvs', 'mmlamlsa', 9, 3, '2019-09-12 16:59:39', 1, '2019-09-12 16:59:39', 1);

--
-- Index pour les tables déchargées
--

--
-- Index pour la table `associates`
--
ALTER TABLE `associates`
  ADD PRIMARY KEY (`id`);

--
-- Index pour la table `element`
--
ALTER TABLE `element`
  ADD PRIMARY KEY (`id`),
  ADD KEY `dateValIdx` (`dateValueDate`),
  ADD KEY `dateRealIdx` (`dateRealDate`);

--
-- Index pour la table `history`
--
ALTER TABLE `history`
  ADD PRIMARY KEY (`id`);

--
-- Index pour la table `linedef`
--
ALTER TABLE `linedef`
  ADD PRIMARY KEY (`id`);

--
-- Index pour la table `reportitem`
--
ALTER TABLE `reportitem`
  ADD PRIMARY KEY (`id`),
  ADD KEY `lindef_FK` (`idLineDef`),
  ADD KEY `report_FK` (`idReports`);

--
-- Index pour la table `reports`
--
ALTER TABLE `reports`
  ADD PRIMARY KEY (`id`);

--
-- Index pour la table `taux`
--
ALTER TABLE `taux`
  ADD PRIMARY KEY (`id`);

--
-- Index pour la table `type`
--
ALTER TABLE `type`
  ADD PRIMARY KEY (`id`),
  ADD KEY `typeScope` (`scope`);

--
-- Index pour la table `users`
--
ALTER TABLE `users`
  ADD PRIMARY KEY (`id`);

--
-- AUTO_INCREMENT pour les tables déchargées
--

--
-- AUTO_INCREMENT pour la table `element`
--
ALTER TABLE `element`
  MODIFY `id` bigint(20) NOT NULL AUTO_INCREMENT, AUTO_INCREMENT=238;

--
-- AUTO_INCREMENT pour la table `history`
--
ALTER TABLE `history`
  MODIFY `id` bigint(20) UNSIGNED NOT NULL AUTO_INCREMENT, AUTO_INCREMENT=516;

--
-- AUTO_INCREMENT pour la table `linedef`
--
ALTER TABLE `linedef`
  MODIFY `id` bigint(20) NOT NULL AUTO_INCREMENT, AUTO_INCREMENT=22;

--
-- AUTO_INCREMENT pour la table `reportitem`
--
ALTER TABLE `reportitem`
  MODIFY `id` bigint(20) NOT NULL AUTO_INCREMENT;

--
-- AUTO_INCREMENT pour la table `reports`
--
ALTER TABLE `reports`
  MODIFY `id` bigint(20) NOT NULL AUTO_INCREMENT, AUTO_INCREMENT=3;

--
-- AUTO_INCREMENT pour la table `taux`
--
ALTER TABLE `taux`
  MODIFY `id` int(11) NOT NULL AUTO_INCREMENT;

--
-- AUTO_INCREMENT pour la table `users`
--
ALTER TABLE `users`
  MODIFY `id` bigint(20) NOT NULL AUTO_INCREMENT, AUTO_INCREMENT=80;

--
-- Contraintes pour les tables déchargées
--

--
-- Contraintes pour la table `reportitem`
--
ALTER TABLE `reportitem`
  ADD CONSTRAINT `lindef_FK` FOREIGN KEY (`idLineDef`) REFERENCES `linedef` (`id`) ON DELETE CASCADE ON UPDATE NO ACTION,
  ADD CONSTRAINT `report_FK` FOREIGN KEY (`idReports`) REFERENCES `reports` (`id`) ON DELETE CASCADE;
COMMIT;

/*!40101 SET CHARACTER_SET_CLIENT=@OLD_CHARACTER_SET_CLIENT */;
/*!40101 SET CHARACTER_SET_RESULTS=@OLD_CHARACTER_SET_RESULTS */;
/*!40101 SET COLLATION_CONNECTION=@OLD_COLLATION_CONNECTION */;
