-- MySQL dump 10.13  Distrib 8.0.17, for Win64 (x86_64)
--
-- Host: localhost    Database: api
-- ------------------------------------------------------
-- Server version	8.0.17

/*!40101 SET @OLD_CHARACTER_SET_CLIENT=@@CHARACTER_SET_CLIENT */;
/*!40101 SET @OLD_CHARACTER_SET_RESULTS=@@CHARACTER_SET_RESULTS */;
/*!40101 SET @OLD_COLLATION_CONNECTION=@@COLLATION_CONNECTION */;
/*!50503 SET NAMES utf8 */;
/*!40103 SET @OLD_TIME_ZONE=@@TIME_ZONE */;
/*!40103 SET TIME_ZONE='+00:00' */;
/*!40014 SET @OLD_UNIQUE_CHECKS=@@UNIQUE_CHECKS, UNIQUE_CHECKS=0 */;
/*!40014 SET @OLD_FOREIGN_KEY_CHECKS=@@FOREIGN_KEY_CHECKS, FOREIGN_KEY_CHECKS=0 */;
/*!40101 SET @OLD_SQL_MODE=@@SQL_MODE, SQL_MODE='NO_AUTO_VALUE_ON_ZERO' */;
/*!40111 SET @OLD_SQL_NOTES=@@SQL_NOTES, SQL_NOTES=0 */;

--
-- Table structure for table `associates`
--

DROP TABLE IF EXISTS `associates`;
/*!40101 SET @saved_cs_client     = @@character_set_client */;
/*!50503 SET character_set_client = utf8mb4 */;
CREATE TABLE `associates` (
  `id` bigint(20) NOT NULL AUTO_INCREMENT,
  `firstname` varchar(32) NOT NULL,
  `name` varchar(32) NOT NULL,
  `trig` varchar(4) NOT NULL,
  `idUsers` bigint(20) DEFAULT NULL,
  `email` varchar(64) DEFAULT NULL,
  `contactNumber` varchar(64) DEFAULT NULL,
  `address` text,
  `idAssociateStatus` bigint(20) NOT NULL COMMENT '1=actif/employee,2=inactif,9=archive',
  `startDate` date DEFAULT NULL,
  `endDate` date NOT NULL DEFAULT '2099-12-31',
  `creationDateTime` timestamp NOT NULL DEFAULT CURRENT_TIMESTAMP,
  `createdBy` bigint(20) DEFAULT NULL,
  `lastUpdateDateTime` timestamp NOT NULL DEFAULT CURRENT_TIMESTAMP,
  `lastUpdateBy` bigint(20) DEFAULT NULL,
  PRIMARY KEY (`id`)
) ENGINE=InnoDB AUTO_INCREMENT=40 DEFAULT CHARSET=utf8 COMMENT='Accosiates of Digital Associate';
/*!40101 SET character_set_client = @saved_cs_client */;

--
-- Dumping data for table `associates`
--

LOCK TABLES `associates` WRITE;
/*!40000 ALTER TABLE `associates` DISABLE KEYS */;
INSERT INTO `associates` VALUES (1,'Anne','Delort','ADE',0,'','','',6,NULL,'2099-12-31','2019-08-06 13:48:21',1,'2019-08-22 23:03:58',1),(2,'Anthony','Michaud','AMI',NULL,NULL,NULL,NULL,5,NULL,'2099-12-31','2019-08-06 13:48:21',1,'2019-08-22 23:03:46',1),(3,'Alexandre','Oblet','AOB',NULL,NULL,NULL,NULL,5,NULL,'2099-12-31','2019-08-06 13:48:21',1,'2019-08-22 23:03:46',1),(4,'Aicha','Revel','ARE',NULL,NULL,NULL,NULL,5,NULL,'2099-12-31','2019-08-06 13:48:22',1,'2019-08-22 23:03:46',1),(6,'Céline','Broussan','CBN',NULL,NULL,NULL,NULL,5,NULL,'2099-12-31','2019-08-06 13:48:22',1,'2019-08-22 23:03:46',1),(7,'Céline','César','CCE',NULL,NULL,NULL,NULL,5,NULL,'2099-12-31','2019-08-06 13:48:22',1,'2019-08-22 23:03:46',1),(8,'Christophe','Marraillac','CMA',NULL,NULL,NULL,NULL,5,NULL,'2099-12-31','2019-08-06 13:48:22',1,'2019-08-22 23:03:46',1),(9,'Clémentine','Martin','CMN',NULL,NULL,NULL,NULL,5,NULL,'2099-12-31','2019-08-06 13:48:22',1,'2019-08-22 23:03:46',1),(10,'Claire','Savariaud','CSA',NULL,NULL,NULL,NULL,5,NULL,'2099-12-31','2019-08-06 13:48:22',1,'2019-08-22 23:03:46',1),(11,'Dorian','Dezanneau','DDE',NULL,NULL,NULL,NULL,5,NULL,'2099-12-31','2019-08-06 13:48:22',1,'2019-08-22 23:03:46',1),(12,'Damien','Maurel','DMA',NULL,NULL,NULL,NULL,5,NULL,'2099-12-31','2019-08-06 13:48:22',1,'2019-08-22 23:03:46',1),(13,'David','Vellar','DVE',NULL,NULL,NULL,NULL,5,NULL,'2099-12-31','2019-08-06 13:48:22',1,'2019-08-22 23:03:46',1),(14,'Eric','Pochon','EPO',NULL,NULL,NULL,NULL,5,NULL,'2099-12-31','2019-08-06 13:48:22',1,'2019-08-22 23:03:46',1),(15,'Gaël','Rouzic','GRO',NULL,NULL,NULL,NULL,5,NULL,'2099-12-31','2019-08-06 13:48:22',1,'2019-08-22 23:03:46',1),(17,'Isabelle','Orven','IOR',NULL,NULL,NULL,NULL,5,NULL,'2099-12-31','2019-08-06 13:48:22',1,'2019-08-22 23:03:46',1),(18,'Léa','Baillard','LBA',34,'','','',5,NULL,'2099-12-31','2019-08-06 13:48:22',1,'2019-08-22 23:03:46',1),(19,'Mathieu','Beau','MBE',2,'mathieu.beau@gmail.com','0763035181','1 rue du lac',5,NULL,'2099-12-31','2019-08-06 13:48:22',1,'2019-09-06 07:52:38',1),(20,'Myriam1','Bonzon','MBO',NULL,'dcvdc@dcd.cdxxx','001245124','',5,NULL,'2099-12-31','2019-08-06 13:48:22',1,'2019-08-22 23:03:46',1),(21,'Myriam','Djemiai','MDJ',NULL,NULL,NULL,NULL,5,NULL,'2099-12-31','2019-08-06 13:48:23',1,'2019-08-22 23:03:46',1),(22,'Michaël','KARAMAN','MKA',NULL,NULL,NULL,NULL,5,NULL,'2099-12-31','2019-08-06 13:48:23',1,'2019-08-22 23:03:46',1),(23,'Maxence','Lothe','MLO',NULL,NULL,NULL,NULL,5,NULL,'2099-12-31','2019-08-06 13:48:23',1,'2019-08-22 23:03:46',1),(24,'Nathalie','Rialland','NRI',NULL,NULL,NULL,NULL,5,NULL,'2099-12-31','2019-08-06 13:48:23',1,'2019-08-22 23:03:46',1),(25,'Olivier','DATT','ODA',1,'fdfgdf','123456654','',6,NULL,'2099-12-31','2019-08-06 13:48:23',1,'2019-08-22 23:03:58',1),(26,'Olivier','Dubois','ODU',NULL,NULL,NULL,NULL,5,NULL,'2099-12-31','2019-08-06 13:48:23',1,'2019-08-22 23:03:46',1),(27,'Pierrick','Merlet','PME',NULL,NULL,NULL,NULL,5,NULL,'2099-12-31','2019-08-06 13:48:23',1,'2019-08-22 23:03:46',1),(29,'Renaud','Gaudin','RGA',NULL,NULL,NULL,NULL,5,NULL,'2099-12-31','2019-08-06 13:48:23',1,'2019-08-22 23:03:46',1),(30,'Sébastien','Normand','SNO',NULL,NULL,NULL,NULL,5,NULL,'2099-12-31','2019-08-06 13:48:23',1,'2019-08-22 23:03:46',1),(31,'Samuel','Rambaud','SRA',NULL,NULL,NULL,NULL,5,NULL,'2099-12-31','2019-08-06 13:48:23',1,'2019-08-22 23:03:46',1),(32,'Thomas','Litrol','TLI',NULL,NULL,NULL,NULL,5,NULL,'2099-12-31','2019-08-06 13:48:23',1,'2019-08-22 23:03:46',1),(33,'Tanguy','RALLON','TRA',NULL,NULL,NULL,NULL,5,NULL,'2099-12-31','2019-08-06 13:48:23',1,'2019-08-22 23:03:46',1),(34,'Vincent','Dalgé','VDA',NULL,NULL,NULL,NULL,5,NULL,'2099-12-31','2019-08-06 13:48:23',1,'2019-08-22 23:03:46',1),(37,'MathTextApi2','Namedsvd','API3',NULL,'qszma@ddasae.d','0039',NULL,5,'2019-01-12','2099-12-31','2019-10-04 11:16:47',1,'2019-10-04 11:16:47',1),(39,'MathTextApi2','Namedsvdvdd','API4',NULL,'qszma@ddasae.d','0039',NULL,5,'2019-01-12','2099-12-31','2019-10-08 15:30:05',1,'2019-10-08 15:30:05',1);
/*!40000 ALTER TABLE `associates` ENABLE KEYS */;
UNLOCK TABLES;

--
-- Table structure for table `cells`
--

DROP TABLE IF EXISTS `cells`;
/*!40101 SET @saved_cs_client     = @@character_set_client */;
/*!50503 SET character_set_client = utf8mb4 */;
CREATE TABLE `cells` (
  `id` bigint(20) NOT NULL AUTO_INCREMENT,
  `idGroupDef` bigint(20) DEFAULT NULL,
  `idLinesDef` bigint(20) NOT NULL,
  `idAssociates` bigint(20) NOT NULL,
  `refLabel` varchar(45) NOT NULL,
  `year` int(4) NOT NULL,
  `value` decimal(12,2) NOT NULL DEFAULT '0.00',
  `source` varchar(45) DEFAULT NULL,
  `dateValueDate` date NOT NULL,
  `dateRealDate` date NOT NULL,
  `isReadonly` tinyint(4) NOT NULL DEFAULT '0',
  `creationDateTime` timestamp NOT NULL DEFAULT CURRENT_TIMESTAMP,
  `createdBy` bigint(20) DEFAULT NULL,
  `lastUpdateDateTime` timestamp NOT NULL DEFAULT CURRENT_TIMESTAMP,
  `lastUpdateBy` bigint(20) DEFAULT NULL,
  `isHidden` tinyint(4) DEFAULT '0',
  PRIMARY KEY (`id`),
  KEY `dateValIdx` (`dateValueDate`) /*!80000 INVISIBLE */,
  KEY `dateRealIdx` (`dateRealDate`)
) ENGINE=InnoDB AUTO_INCREMENT=478 DEFAULT CHARSET=utf8mb4 COLLATE=utf8mb4_0900_ai_ci;
/*!40101 SET character_set_client = @saved_cs_client */;

--
-- Dumping data for table `cells`
--

LOCK TABLES `cells` WRITE;
/*!40000 ALTER TABLE `cells` DISABLE KEYS */;
INSERT INTO `cells` VALUES (109,NULL,59,8,'201810',2018,16800.00,'import','2018-10-01','2018-10-01',0,'2019-09-26 14:32:10',1,'2019-09-26 14:32:10',1,0),(110,NULL,61,8,'201810',2018,16800.00,'import','2018-10-01','2018-10-01',0,'2019-09-26 14:32:10',1,'2019-09-26 14:32:10',1,0),(111,NULL,63,8,'201810',2018,672.00,'import','2018-10-01','2018-10-01',0,'2019-09-26 14:32:10',1,'2019-09-26 14:32:10',1,0),(112,NULL,64,8,'201810',2018,57.72,'import','2018-10-01','2018-10-01',0,'2019-09-26 14:32:10',1,'2019-09-26 14:32:10',1,0),(113,NULL,67,8,'201810',2018,729.72,'import','2018-10-01','2018-10-01',0,'2019-09-26 14:32:10',1,'2019-09-26 14:32:10',1,0),(114,NULL,68,8,'201810',2018,34.41,'import','2018-10-01','2018-10-01',0,'2019-09-26 14:32:10',1,'2019-09-26 14:32:10',1,0),(115,NULL,69,8,'201810',2018,5.38,'import','2018-10-01','2018-10-01',0,'2019-09-26 14:32:10',1,'2019-09-26 14:32:10',1,0),(116,NULL,70,8,'201810',2018,5700.82,'import','2018-10-01','2018-10-01',0,'2019-09-26 14:32:10',1,'2019-09-26 14:32:10',1,0),(117,NULL,71,8,'201810',2018,779.46,'import','2018-10-01','2018-10-01',0,'2019-09-26 14:32:10',1,'2019-09-26 14:32:10',1,0),(118,NULL,72,8,'201810',2018,6485.66,'import','2018-10-01','2018-10-01',0,'2019-09-26 14:32:10',1,'2019-09-26 14:32:10',1,0),(119,NULL,73,8,'201810',2018,9550.21,'import','2018-10-01','2018-10-01',0,'2019-09-26 14:32:10',1,'2019-09-26 14:32:10',1,0),(120,NULL,59,8,'TOTAL',2018,45120.00,'calculated','2019-06-30','2019-06-30',1,'2019-09-26 14:32:10',1,'2019-09-26 14:34:48',1,0),(121,NULL,61,8,'TOTAL',2018,45120.00,'calculated','2019-06-30','2019-06-30',1,'2019-09-26 14:32:10',1,'2019-09-26 14:34:48',1,0),(122,NULL,63,8,'TOTAL',2018,1804.80,'calculated','2019-06-30','2019-06-30',1,'2019-09-26 14:32:10',1,'2019-09-26 14:34:48',1,0),(123,NULL,64,8,'TOTAL',2018,461.76,'calculated','2019-06-30','2019-06-30',1,'2019-09-26 14:32:10',1,'2019-09-26 14:35:01',1,0),(124,NULL,67,8,'TOTAL',2018,3158.99,'calculated','2019-06-30','2019-06-30',1,'2019-09-26 14:32:10',1,'2019-09-26 14:35:01',1,0),(125,NULL,68,8,'TOTAL',2018,275.28,'calculated','2019-06-30','2019-06-30',1,'2019-09-26 14:32:10',1,'2019-09-26 14:35:01',1,0),(126,NULL,69,8,'TOTAL',2018,43.04,'calculated','2019-06-30','2019-06-30',1,'2019-09-26 14:32:10',1,'2019-09-26 14:35:02',1,0),(127,NULL,70,8,'TOTAL',2018,49794.71,'calculated','2019-06-30','2019-06-30',1,'2019-09-26 14:32:11',1,'2019-09-26 14:35:02',1,0),(128,NULL,71,8,'TOTAL',2018,6811.80,'calculated','2019-06-30','2019-06-30',1,'2019-09-26 14:32:11',1,'2019-09-26 14:35:02',1,0),(129,NULL,72,8,'TOTAL',2018,56649.55,'calculated','2019-06-30','2019-06-30',1,'2019-09-26 14:32:11',1,'2019-09-26 14:35:02',1,0),(130,NULL,73,8,'TOTAL',2018,-14963.82,'calculated','2019-06-30','2019-06-30',1,'2019-09-26 14:32:11',1,'2019-09-26 14:35:02',1,0),(131,NULL,59,8,'201809',2018,3840.00,'import','2018-09-01','2018-09-01',0,'2019-09-26 14:32:55',1,'2019-09-26 14:32:55',1,0),(132,NULL,61,8,'201809',2018,3840.00,'import','2018-09-01','2018-09-01',0,'2019-09-26 14:32:55',1,'2019-09-26 14:32:55',1,0),(133,NULL,63,8,'201809',2018,153.60,'import','2018-09-01','2018-09-01',0,'2019-09-26 14:32:55',1,'2019-09-26 14:32:55',1,0),(134,NULL,64,8,'201809',2018,57.72,'import','2018-09-01','2018-09-01',0,'2019-09-26 14:32:55',1,'2019-09-26 14:32:55',1,0),(135,NULL,66,8,'201809',2018,82.81,'import','2018-09-01','2018-09-01',0,'2019-09-26 14:32:55',1,'2019-09-26 14:32:55',1,0),(136,NULL,67,8,'201809',2018,294.13,'import','2018-09-01','2018-09-01',0,'2019-09-26 14:32:55',1,'2019-09-26 14:32:55',1,0),(137,NULL,68,8,'201809',2018,34.41,'import','2018-09-01','2018-09-01',0,'2019-09-26 14:32:55',1,'2019-09-26 14:32:55',1,0),(138,NULL,69,8,'201809',2018,5.38,'import','2018-09-01','2018-09-01',0,'2019-09-26 14:32:55',1,'2019-09-26 14:32:55',1,0),(139,NULL,70,8,'201809',2018,5185.50,'import','2018-09-01','2018-09-01',0,'2019-09-26 14:32:55',1,'2019-09-26 14:32:55',1,0),(140,NULL,71,8,'201809',2018,776.58,'import','2018-09-01','2018-09-01',0,'2019-09-26 14:32:55',1,'2019-09-26 14:33:15',1,0),(141,NULL,72,8,'201809',2018,5967.46,'import','2018-09-01','2018-09-01',0,'2019-09-26 14:32:55',1,'2019-09-26 14:33:15',1,0),(142,NULL,73,8,'201809',2018,-2456.00,'import','2018-09-01','2018-09-01',0,'2019-09-26 14:32:55',1,'2019-09-26 14:33:15',1,0),(143,NULL,66,8,'TOTAL',2018,892.43,'calculated','2019-06-30','2019-06-30',1,'2019-09-26 14:32:55',1,'2019-09-26 14:34:30',1,0),(144,NULL,59,32,'201809',2018,32687.17,'import','2018-09-01','2018-09-01',0,'2019-09-26 14:33:14',1,'2019-09-26 14:33:14',1,0),(145,NULL,61,32,'201809',2018,32687.17,'import','2018-09-01','2018-09-01',0,'2019-09-26 14:33:14',1,'2019-09-26 14:33:14',1,0),(146,NULL,62,32,'201809',2018,124.17,'import','2018-09-01','2018-09-01',0,'2019-09-26 14:33:14',1,'2019-09-26 14:33:14',1,0),(147,NULL,63,32,'201809',2018,980.62,'import','2018-09-01','2018-09-01',0,'2019-09-26 14:33:14',1,'2019-09-26 14:33:15',1,0),(148,NULL,64,32,'201809',2018,57.72,'import','2018-09-01','2018-09-01',0,'2019-09-26 14:33:14',1,'2019-09-26 14:33:14',1,0),(149,NULL,66,32,'201809',2018,1714.49,'import','2018-09-01','2018-09-01',0,'2019-09-26 14:33:14',1,'2019-09-26 14:33:14',1,0),(150,NULL,67,32,'201809',2018,2752.83,'import','2018-09-01','2018-09-01',0,'2019-09-26 14:33:14',1,'2019-09-26 14:33:15',1,0),(151,NULL,68,32,'201809',2018,34.41,'import','2018-09-01','2018-09-01',0,'2019-09-26 14:33:14',1,'2019-09-26 14:33:14',1,0),(152,NULL,69,32,'201809',2018,5.38,'import','2018-09-01','2018-09-01',0,'2019-09-26 14:33:14',1,'2019-09-26 14:33:14',1,0),(153,NULL,70,32,'201809',2018,5171.30,'import','2018-09-01','2018-09-01',0,'2019-09-26 14:33:14',1,'2019-09-26 14:33:14',1,0),(154,NULL,71,32,'201809',2018,776.00,'import','2018-09-01','2018-09-01',0,'2019-09-26 14:33:14',1,'2019-09-26 14:33:15',1,0),(155,NULL,72,32,'201809',2018,5952.68,'import','2018-09-01','2018-09-01',0,'2019-09-26 14:33:15',1,'2019-09-26 14:33:16',1,0),(156,NULL,73,32,'201809',2018,23823.08,'import','2018-09-01','2018-09-01',0,'2019-09-26 14:33:15',1,'2019-09-26 14:33:16',1,0),(157,NULL,59,32,'TOTAL',2018,57048.17,'calculated','2019-06-30','2019-06-30',1,'2019-09-26 14:33:15',1,'2019-09-26 14:38:21',1,0),(158,NULL,61,32,'TOTAL',2018,57248.17,'calculated','2019-06-30','2019-06-30',1,'2019-09-26 14:33:15',1,'2019-10-09 10:54:23',1,0),(159,NULL,62,32,'TOTAL',2018,124.17,'calculated','2019-06-30','2019-06-30',1,'2019-09-26 14:33:15',1,'2019-09-26 14:33:15',1,0),(160,NULL,63,32,'TOTAL',2018,1711.42,'calculated','2019-06-30','2019-06-30',1,'2019-09-26 14:33:15',1,'2019-09-26 14:34:49',1,0),(161,NULL,64,32,'TOTAL',2018,404.04,'calculated','2019-06-30','2019-06-30',1,'2019-09-26 14:33:15',1,'2019-09-26 14:35:02',1,0),(162,NULL,66,32,'TOTAL',2018,5997.62,'calculated','2019-06-30','2019-06-30',1,'2019-09-26 14:33:15',1,'2019-09-26 14:34:41',1,0),(163,NULL,67,32,'TOTAL',2018,8113.08,'calculated','2019-06-30','2019-06-30',1,'2019-09-26 14:33:15',1,'2019-09-26 14:35:02',1,0),(164,NULL,68,32,'TOTAL',2018,240.87,'calculated','2019-06-30','2019-06-30',1,'2019-09-26 14:33:15',1,'2019-09-26 14:35:02',1,0),(165,NULL,69,32,'TOTAL',2018,37.66,'calculated','2019-06-30','2019-06-30',1,'2019-09-26 14:33:15',1,'2019-09-26 14:35:02',1,0),(166,NULL,70,32,'TOTAL',2018,34824.27,'calculated','2019-06-30','2019-06-30',1,'2019-09-26 14:33:15',1,'2019-09-26 14:35:02',1,0),(167,NULL,71,32,'TOTAL',2018,5399.59,'calculated','2019-06-30','2019-06-30',1,'2019-09-26 14:33:15',1,'2019-09-26 14:35:02',1,0),(168,NULL,72,32,'TOTAL',2018,40261.52,'calculated','2019-06-30','2019-06-30',1,'2019-09-26 14:33:15',1,'2019-09-26 14:35:02',1,0),(169,NULL,73,32,'TOTAL',2018,8307.52,'calculated','2019-06-30','2019-06-30',1,'2019-09-26 14:33:15',1,'2019-09-26 14:35:02',1,0),(170,NULL,59,31,'201809',2018,20145.00,'import','2018-09-01','2018-09-01',0,'2019-09-26 14:33:16',1,'2019-09-26 14:33:16',1,0),(171,NULL,61,31,'201809',2018,20145.00,'import','2018-09-01','2018-09-01',0,'2019-09-26 14:33:16',1,'2019-09-26 14:33:16',1,0),(172,NULL,64,31,'201809',2018,57.72,'import','2018-09-01','2018-09-01',0,'2019-09-26 14:33:16',1,'2019-09-26 14:33:16',1,0),(173,NULL,66,31,'201809',2018,322.00,'import','2018-09-01','2018-09-01',0,'2019-09-26 14:33:16',1,'2019-09-26 14:33:16',1,0),(174,NULL,67,31,'201809',2018,379.72,'import','2018-09-01','2018-09-01',0,'2019-09-26 14:33:16',1,'2019-09-26 14:33:16',1,0),(175,NULL,68,31,'201809',2018,34.41,'import','2018-09-01','2018-09-01',0,'2019-09-26 14:33:16',1,'2019-09-26 14:33:16',1,0),(176,NULL,69,31,'201809',2018,5.38,'import','2018-09-01','2018-09-01',0,'2019-09-26 14:33:16',1,'2019-09-26 14:33:16',1,0),(177,NULL,70,31,'201809',2018,5095.87,'import','2018-09-01','2018-09-01',0,'2019-09-26 14:33:16',1,'2019-09-26 14:33:16',1,0),(178,NULL,71,31,'201809',2018,756.46,'import','2018-09-01','2018-09-01',0,'2019-09-26 14:33:16',1,'2019-09-26 14:33:16',1,0),(179,NULL,72,31,'201809',2018,5857.71,'import','2018-09-01','2018-09-01',0,'2019-09-26 14:33:16',1,'2019-09-26 14:33:16',1,0),(180,NULL,73,31,'201809',2018,13873.16,'import','2018-09-01','2018-09-01',0,'2019-09-26 14:33:16',1,'2019-09-26 14:33:16',1,0),(181,NULL,59,31,'TOTAL',2018,41055.00,'calculated','2019-06-30','2019-06-30',1,'2019-09-26 14:33:16',1,'2019-09-26 14:34:50',1,0),(182,NULL,61,31,'TOTAL',2018,41055.00,'calculated','2019-06-30','2019-06-30',1,'2019-09-26 14:33:16',1,'2019-09-26 14:34:50',1,0),(183,NULL,64,31,'TOTAL',2018,404.04,'calculated','2019-06-30','2019-06-30',1,'2019-09-26 14:33:16',1,'2019-09-26 14:35:03',1,0),(184,NULL,66,31,'TOTAL',2018,525.14,'calculated','2019-06-30','2019-06-30',1,'2019-09-26 14:33:16',1,'2019-09-26 14:34:43',1,0),(185,NULL,67,31,'TOTAL',2018,929.18,'calculated','2019-06-30','2019-06-30',1,'2019-09-26 14:33:16',1,'2019-09-26 14:35:03',1,0),(186,NULL,68,31,'TOTAL',2018,240.87,'calculated','2019-06-30','2019-06-30',1,'2019-09-26 14:33:16',1,'2019-09-26 14:35:03',1,0),(187,NULL,69,31,'TOTAL',2018,37.66,'calculated','2019-06-30','2019-06-30',1,'2019-09-26 14:33:16',1,'2019-09-26 14:35:03',1,0),(188,NULL,70,31,'TOTAL',2018,37347.52,'calculated','2019-06-30','2019-06-30',1,'2019-09-26 14:33:16',1,'2019-09-26 14:35:03',1,0),(189,NULL,71,31,'TOTAL',2018,5278.35,'calculated','2019-06-30','2019-06-30',1,'2019-09-26 14:33:16',1,'2019-09-26 14:35:03',1,0),(190,NULL,72,31,'TOTAL',2018,42663.53,'calculated','2019-06-30','2019-06-30',1,'2019-09-26 14:33:16',1,'2019-09-26 14:35:03',1,0),(191,NULL,73,31,'TOTAL',2018,-2778.58,'calculated','2019-06-30','2019-06-30',1,'2019-09-26 14:33:16',1,'2019-09-26 14:35:04',1,0),(192,NULL,59,8,'201808',2018,17520.00,'import','2018-08-01','2018-08-01',0,'2019-09-26 14:33:34',1,'2019-09-26 14:33:34',1,0),(193,NULL,61,8,'201808',2018,17520.00,'import','2018-08-01','2018-08-01',0,'2019-09-26 14:33:34',1,'2019-09-26 14:33:34',1,0),(194,NULL,63,8,'201808',2018,700.80,'import','2018-08-01','2018-08-01',0,'2019-09-26 14:33:34',1,'2019-09-26 14:33:34',1,0),(195,NULL,64,8,'201808',2018,57.72,'import','2018-08-01','2018-08-01',0,'2019-09-26 14:33:34',1,'2019-09-26 14:33:34',1,0),(196,NULL,66,8,'201808',2018,404.81,'import','2018-08-01','2018-08-01',0,'2019-09-26 14:33:34',1,'2019-09-26 14:33:34',1,0),(197,NULL,67,8,'201808',2018,1163.33,'import','2018-08-01','2018-08-01',0,'2019-09-26 14:33:34',1,'2019-09-26 14:33:34',1,0),(198,NULL,68,8,'201808',2018,34.41,'import','2018-08-01','2018-08-01',0,'2019-09-26 14:33:34',1,'2019-09-26 14:33:34',1,0),(199,NULL,69,8,'201808',2018,5.38,'import','2018-08-01','2018-08-01',0,'2019-09-26 14:33:34',1,'2019-09-26 14:33:34',1,0),(200,NULL,70,8,'201808',2018,5185.50,'import','2018-08-01','2018-08-01',0,'2019-09-26 14:33:34',1,'2019-09-26 14:33:34',1,0),(201,NULL,71,8,'201808',2018,776.58,'import','2018-08-01','2018-08-01',0,'2019-09-26 14:33:34',1,'2019-09-26 14:33:36',1,0),(202,NULL,72,8,'201808',2018,5967.46,'import','2018-08-01','2018-08-01',0,'2019-09-26 14:33:34',1,'2019-09-26 14:33:36',1,0),(203,NULL,73,8,'201808',2018,10354.80,'import','2018-08-01','2018-08-01',0,'2019-09-26 14:33:34',1,'2019-09-26 14:33:36',1,0),(204,NULL,59,32,'201808',2018,5220.00,'import','2018-08-01','2018-08-01',0,'2019-09-26 14:33:35',1,'2019-09-26 14:33:35',1,0),(205,NULL,61,32,'201808',2018,6118.13,'import','2018-08-01','2018-08-01',0,'2019-09-26 14:33:35',1,'2019-09-26 14:33:35',1,0),(206,NULL,63,32,'201808',2018,183.54,'import','2018-08-01','2018-08-01',0,'2019-09-26 14:33:35',1,'2019-09-26 14:33:36',1,0),(207,NULL,64,32,'201808',2018,57.72,'import','2018-08-01','2018-08-01',0,'2019-09-26 14:33:35',1,'2019-09-26 14:33:35',1,0),(208,NULL,66,32,'201808',2018,1210.24,'import','2018-08-01','2018-08-01',0,'2019-09-26 14:33:35',1,'2019-09-26 14:33:35',1,0),(209,NULL,67,32,'201808',2018,1451.50,'import','2018-08-01','2018-08-01',0,'2019-09-26 14:33:35',1,'2019-09-26 14:33:36',1,0),(210,NULL,68,32,'201808',2018,34.41,'import','2018-08-01','2018-08-01',0,'2019-09-26 14:33:35',1,'2019-09-26 14:33:35',1,0),(211,NULL,69,32,'201808',2018,5.38,'import','2018-08-01','2018-08-01',0,'2019-09-26 14:33:35',1,'2019-09-26 14:33:35',1,0),(212,NULL,70,32,'201808',2018,4498.22,'import','2018-08-01','2018-08-01',0,'2019-09-26 14:33:35',1,'2019-09-26 14:33:35',1,0),(213,NULL,71,32,'201808',2018,776.00,'import','2018-08-01','2018-08-01',0,'2019-09-26 14:33:35',1,'2019-09-26 14:33:36',1,0),(214,NULL,72,32,'201808',2018,5279.60,'import','2018-08-01','2018-08-01',0,'2019-09-26 14:33:35',1,'2019-09-26 14:33:36',1,0),(215,NULL,73,32,'201808',2018,-647.39,'import','2018-08-01','2018-08-01',0,'2019-09-26 14:33:35',1,'2019-09-26 14:33:36',1,0),(216,NULL,59,31,'201808',2018,2040.00,'import','2018-08-01','2018-08-01',0,'2019-09-26 14:33:36',1,'2019-09-26 14:33:36',1,0),(217,NULL,61,31,'201808',2018,2040.00,'import','2018-08-01','2018-08-01',0,'2019-09-26 14:33:36',1,'2019-09-26 14:33:36',1,0),(218,NULL,64,31,'201808',2018,57.72,'import','2018-08-01','2018-08-01',0,'2019-09-26 14:33:36',1,'2019-09-26 14:33:36',1,0),(219,NULL,67,31,'201808',2018,57.72,'import','2018-08-01','2018-08-01',0,'2019-09-26 14:33:36',1,'2019-09-26 14:33:36',1,0),(220,NULL,68,31,'201808',2018,34.41,'import','2018-08-01','2018-08-01',0,'2019-09-26 14:33:36',1,'2019-09-26 14:33:36',1,0),(221,NULL,69,31,'201808',2018,5.38,'import','2018-08-01','2018-08-01',0,'2019-09-26 14:33:36',1,'2019-09-26 14:33:36',1,0),(222,NULL,70,31,'201808',2018,5649.13,'import','2018-08-01','2018-08-01',0,'2019-09-26 14:33:36',1,'2019-09-26 14:33:36',1,0),(223,NULL,71,31,'201808',2018,840.02,'import','2018-08-01','2018-08-01',0,'2019-09-26 14:33:36',1,'2019-09-26 14:33:36',1,0),(224,NULL,72,31,'201808',2018,6494.53,'import','2018-08-01','2018-08-01',0,'2019-09-26 14:33:36',1,'2019-09-26 14:33:36',1,0),(225,NULL,73,31,'201808',2018,-4546.66,'import','2018-08-01','2018-08-01',0,'2019-09-26 14:33:36',1,'2019-09-26 14:33:36',1,0),(226,NULL,59,8,'201807',2018,-7680.00,'import','2018-07-01','2018-07-01',0,'2019-09-26 14:34:30',1,'2019-09-26 14:34:30',1,0),(227,NULL,61,8,'201807',2018,-7680.00,'import','2018-07-01','2018-07-01',0,'2019-09-26 14:34:30',1,'2019-09-26 14:34:30',1,0),(228,NULL,63,8,'201807',2018,-307.20,'import','2018-07-01','2018-07-01',0,'2019-09-26 14:34:30',1,'2019-09-26 14:34:30',1,0),(229,NULL,64,8,'201807',2018,57.72,'import','2018-07-01','2018-07-01',0,'2019-09-26 14:34:30',1,'2019-09-26 14:34:30',1,0),(230,NULL,66,8,'201807',2018,404.81,'import','2018-07-01','2018-07-01',0,'2019-09-26 14:34:30',1,'2019-09-26 14:34:30',1,0),(231,NULL,67,8,'201807',2018,155.33,'import','2018-07-01','2018-07-01',0,'2019-09-26 14:34:30',1,'2019-09-26 14:34:30',1,0),(232,NULL,68,8,'201807',2018,34.41,'import','2018-07-01','2018-07-01',0,'2019-09-26 14:34:30',1,'2019-09-26 14:34:30',1,0),(233,NULL,69,8,'201807',2018,5.38,'import','2018-07-01','2018-07-01',0,'2019-09-26 14:34:30',1,'2019-09-26 14:34:30',1,0),(234,NULL,70,8,'201807',2018,5185.50,'import','2018-07-01','2018-07-01',0,'2019-09-26 14:34:30',1,'2019-09-26 14:34:30',1,0),(235,NULL,71,8,'201807',2018,776.58,'import','2018-07-01','2018-07-01',0,'2019-09-26 14:34:30',1,'2019-09-26 14:34:32',1,0),(236,NULL,72,8,'201807',2018,5967.46,'import','2018-07-01','2018-07-01',0,'2019-09-26 14:34:30',1,'2019-09-26 14:34:32',1,0),(237,NULL,73,8,'201807',2018,-13837.20,'import','2018-07-01','2018-07-01',0,'2019-09-26 14:34:30',1,'2019-09-26 14:34:32',1,0),(238,NULL,61,32,'201807',2018,-898.13,'import','2018-07-01','2018-07-01',0,'2019-09-26 14:34:31',1,'2019-09-26 14:34:31',1,0),(239,NULL,63,32,'201807',2018,-26.94,'import','2018-07-01','2018-07-01',0,'2019-09-26 14:34:31',1,'2019-09-26 14:34:32',1,0),(240,NULL,64,32,'201807',2018,57.72,'import','2018-07-01','2018-07-01',0,'2019-09-26 14:34:31',1,'2019-09-26 14:34:31',1,0),(241,NULL,66,32,'201807',2018,1649.44,'import','2018-07-01','2018-07-01',0,'2019-09-26 14:34:31',1,'2019-09-26 14:34:31',1,0),(242,NULL,67,32,'201807',2018,1680.22,'import','2018-07-01','2018-07-01',0,'2019-09-26 14:34:31',1,'2019-09-26 14:34:32',1,0),(243,NULL,68,32,'201807',2018,34.41,'import','2018-07-01','2018-07-01',0,'2019-09-26 14:34:31',1,'2019-09-26 14:34:31',1,0),(244,NULL,69,32,'201807',2018,5.38,'import','2018-07-01','2018-07-01',0,'2019-09-26 14:34:31',1,'2019-09-26 14:34:31',1,0),(245,NULL,70,32,'201807',2018,5263.67,'import','2018-07-01','2018-07-01',0,'2019-09-26 14:34:31',1,'2019-09-26 14:34:31',1,0),(246,NULL,71,32,'201807',2018,780.19,'import','2018-07-01','2018-07-01',0,'2019-09-26 14:34:31',1,'2019-09-26 14:34:32',1,0),(247,NULL,72,32,'201807',2018,6049.24,'import','2018-07-01','2018-07-01',0,'2019-09-26 14:34:31',1,'2019-09-26 14:34:32',1,0),(248,NULL,73,32,'201807',2018,-8662.00,'import','2018-07-01','2018-07-01',0,'2019-09-26 14:34:31',1,'2019-09-26 14:34:32',1,0),(249,NULL,64,31,'201807',2018,57.72,'import','2018-07-01','2018-07-01',0,'2019-09-26 14:34:32',1,'2019-09-26 14:34:32',1,0),(250,NULL,66,31,'201807',2018,-118.86,'import','2018-07-01','2018-07-01',0,'2019-09-26 14:34:32',1,'2019-09-26 14:34:32',1,0),(251,NULL,67,31,'201807',2018,-61.14,'import','2018-07-01','2018-07-01',0,'2019-09-26 14:34:32',1,'2019-09-26 14:34:32',1,0),(252,NULL,68,31,'201807',2018,34.41,'import','2018-07-01','2018-07-01',0,'2019-09-26 14:34:32',1,'2019-09-26 14:34:32',1,0),(253,NULL,69,31,'201807',2018,5.38,'import','2018-07-01','2018-07-01',0,'2019-09-26 14:34:32',1,'2019-09-26 14:34:32',1,0),(254,NULL,70,31,'201807',2018,4674.42,'import','2018-07-01','2018-07-01',0,'2019-09-26 14:34:32',1,'2019-09-26 14:34:32',1,0),(255,NULL,71,31,'201807',2018,691.95,'import','2018-07-01','2018-07-01',0,'2019-09-26 14:34:32',1,'2019-09-26 14:34:32',1,0),(256,NULL,72,31,'201807',2018,5371.75,'import','2018-07-01','2018-07-01',0,'2019-09-26 14:34:32',1,'2019-09-26 14:34:32',1,0),(257,NULL,73,31,'201807',2018,-5345.02,'import','2018-07-01','2018-07-01',0,'2019-09-26 14:34:32',1,'2019-09-26 14:34:32',1,0),(258,NULL,59,8,'201811',2018,8640.00,'import','2018-11-01','2018-11-01',0,'2019-09-26 14:34:40',1,'2019-09-26 14:34:40',1,0),(259,NULL,61,8,'201811',2018,8640.00,'import','2018-11-01','2018-11-01',0,'2019-09-26 14:34:40',1,'2019-09-26 14:34:40',1,0),(260,NULL,63,8,'201811',2018,345.60,'import','2018-11-01','2018-11-01',0,'2019-09-26 14:34:40',1,'2019-09-26 14:34:40',1,0),(261,NULL,64,8,'201811',2018,57.72,'import','2018-11-01','2018-11-01',0,'2019-09-26 14:34:40',1,'2019-09-26 14:34:40',1,0),(262,NULL,67,8,'201811',2018,403.32,'import','2018-11-01','2018-11-01',0,'2019-09-26 14:34:40',1,'2019-09-26 14:34:40',1,0),(263,NULL,68,8,'201811',2018,34.41,'import','2018-11-01','2018-11-01',0,'2019-09-26 14:34:40',1,'2019-09-26 14:34:40',1,0),(264,NULL,69,8,'201811',2018,5.38,'import','2018-11-01','2018-11-01',0,'2019-09-26 14:34:40',1,'2019-09-26 14:34:40',1,0),(265,NULL,70,8,'201811',2018,5700.82,'import','2018-11-01','2018-11-01',0,'2019-09-26 14:34:40',1,'2019-09-26 14:34:40',1,0),(266,NULL,71,8,'201811',2018,779.46,'import','2018-11-01','2018-11-01',0,'2019-09-26 14:34:40',1,'2019-09-26 14:34:42',1,0),(267,NULL,72,8,'201811',2018,6485.66,'import','2018-11-01','2018-11-01',0,'2019-09-26 14:34:40',1,'2019-09-26 14:34:42',1,0),(268,NULL,73,8,'201811',2018,1716.61,'import','2018-11-01','2018-11-01',0,'2019-09-26 14:34:40',1,'2019-09-26 14:34:42',1,0),(269,NULL,59,32,'201811',2018,9860.00,'import','2018-11-01','2018-11-01',0,'2019-09-26 14:34:41',1,'2019-09-26 14:34:41',1,0),(270,NULL,61,32,'201811',2018,9860.00,'import','2018-11-01','2018-11-01',0,'2019-09-26 14:34:41',1,'2019-09-26 14:34:41',1,0),(271,NULL,63,32,'201811',2018,295.80,'import','2018-11-01','2018-11-01',0,'2019-09-26 14:34:41',1,'2019-09-26 14:34:41',1,0),(272,NULL,64,32,'201811',2018,57.72,'import','2018-11-01','2018-11-01',0,'2019-09-26 14:34:41',1,'2019-09-26 14:34:41',1,0),(273,NULL,66,32,'201811',2018,1423.45,'import','2018-11-01','2018-11-01',0,'2019-09-26 14:34:41',1,'2019-09-26 14:34:41',1,0),(274,NULL,67,32,'201811',2018,1776.97,'import','2018-11-01','2018-11-01',0,'2019-09-26 14:34:41',1,'2019-09-26 14:34:41',1,0),(275,NULL,68,32,'201811',2018,34.41,'import','2018-11-01','2018-11-01',0,'2019-09-26 14:34:41',1,'2019-09-26 14:34:41',1,0),(276,NULL,69,32,'201811',2018,5.38,'import','2018-11-01','2018-11-01',0,'2019-09-26 14:34:41',1,'2019-09-26 14:34:41',1,0),(277,NULL,70,32,'201811',2018,5111.56,'import','2018-11-01','2018-11-01',0,'2019-09-26 14:34:41',1,'2019-09-26 14:34:41',1,0),(278,NULL,71,32,'201811',2018,766.85,'import','2018-11-01','2018-11-01',0,'2019-09-26 14:34:41',1,'2019-09-26 14:34:42',1,0),(279,NULL,72,32,'201811',2018,5883.79,'import','2018-11-01','2018-11-01',0,'2019-09-26 14:34:41',1,'2019-09-26 14:34:42',1,0),(280,NULL,73,32,'201811',2018,2164.83,'import','2018-11-01','2018-11-01',0,'2019-09-26 14:34:41',1,'2019-09-26 14:34:42',1,0),(281,NULL,59,31,'201811',2018,8670.00,'import','2018-11-01','2018-11-01',0,'2019-09-26 14:34:42',1,'2019-09-26 14:34:42',1,0),(282,NULL,61,31,'201811',2018,8670.00,'import','2018-11-01','2018-11-01',0,'2019-09-26 14:34:42',1,'2019-09-26 14:34:42',1,0),(283,NULL,64,31,'201811',2018,57.72,'import','2018-11-01','2018-11-01',0,'2019-09-26 14:34:42',1,'2019-09-26 14:34:42',1,0),(284,NULL,66,31,'201811',2018,322.00,'import','2018-11-01','2018-11-01',0,'2019-09-26 14:34:42',1,'2019-09-26 14:34:42',1,0),(285,NULL,67,31,'201811',2018,379.72,'import','2018-11-01','2018-11-01',0,'2019-09-26 14:34:42',1,'2019-09-26 14:34:42',1,0),(286,NULL,68,31,'201811',2018,34.41,'import','2018-11-01','2018-11-01',0,'2019-09-26 14:34:42',1,'2019-09-26 14:34:42',1,0),(287,NULL,69,31,'201811',2018,5.38,'import','2018-11-01','2018-11-01',0,'2019-09-26 14:34:42',1,'2019-09-26 14:34:42',1,0),(288,NULL,70,31,'201811',2018,4997.59,'import','2018-11-01','2018-11-01',0,'2019-09-26 14:34:42',1,'2019-09-26 14:34:42',1,0),(289,NULL,71,31,'201811',2018,744.37,'import','2018-11-01','2018-11-01',0,'2019-09-26 14:34:42',1,'2019-09-26 14:34:42',1,0),(290,NULL,72,31,'201811',2018,5747.34,'import','2018-11-01','2018-11-01',0,'2019-09-26 14:34:42',1,'2019-09-26 14:34:42',1,0),(291,NULL,73,31,'201811',2018,2508.53,'import','2018-11-01','2018-11-01',0,'2019-09-26 14:34:42',1,'2019-09-26 14:34:42',1,0),(292,NULL,59,8,'201812',2018,6000.00,'import','2018-12-01','2018-12-01',0,'2019-09-26 14:34:48',1,'2019-09-26 14:34:48',1,0),(293,NULL,61,8,'201812',2018,6000.00,'import','2018-12-01','2018-12-01',0,'2019-09-26 14:34:48',1,'2019-09-26 14:34:48',1,0),(294,NULL,63,8,'201812',2018,240.00,'import','2018-12-01','2018-12-01',0,'2019-09-26 14:34:48',1,'2019-09-26 14:34:48',1,0),(295,NULL,64,8,'201812',2018,57.72,'import','2018-12-01','2018-12-01',0,'2019-09-26 14:34:48',1,'2019-09-26 14:34:48',1,0),(296,NULL,67,8,'201812',2018,297.72,'import','2018-12-01','2018-12-01',0,'2019-09-26 14:34:48',1,'2019-09-26 14:34:48',1,0),(297,NULL,68,8,'201812',2018,34.41,'import','2018-12-01','2018-12-01',0,'2019-09-26 14:34:48',1,'2019-09-26 14:34:48',1,0),(298,NULL,69,8,'201812',2018,5.38,'import','2018-12-01','2018-12-01',0,'2019-09-26 14:34:48',1,'2019-09-26 14:34:48',1,0),(299,NULL,70,8,'201812',2018,9339.57,'import','2018-12-01','2018-12-01',0,'2019-09-26 14:34:48',1,'2019-09-26 14:34:48',1,0),(300,NULL,71,8,'201812',2018,1342.44,'import','2018-12-01','2018-12-01',0,'2019-09-26 14:34:48',1,'2019-09-26 14:34:49',1,0),(301,NULL,72,8,'201812',2018,10687.39,'import','2018-12-01','2018-12-01',0,'2019-09-26 14:34:48',1,'2019-09-26 14:34:49',1,0),(302,NULL,73,8,'201812',2018,-5019.52,'import','2018-12-01','2018-12-01',0,'2019-09-26 14:34:48',1,'2019-09-26 14:34:49',1,0),(303,NULL,59,32,'201812',2018,9280.00,'import','2018-12-01','2018-12-01',0,'2019-09-26 14:34:48',1,'2019-09-26 14:34:48',1,0),(304,NULL,61,32,'201812',2018,9280.00,'import','2018-12-01','2018-12-01',0,'2019-09-26 14:34:48',1,'2019-09-26 14:34:48',1,0),(305,NULL,63,32,'201812',2018,278.40,'import','2018-12-01','2018-12-01',0,'2019-09-26 14:34:49',1,'2019-09-26 14:34:49',1,0),(306,NULL,64,32,'201812',2018,57.72,'import','2018-12-01','2018-12-01',0,'2019-09-26 14:34:49',1,'2019-09-26 14:34:49',1,0),(307,NULL,67,32,'201812',2018,336.12,'import','2018-12-01','2018-12-01',0,'2019-09-26 14:34:49',1,'2019-09-26 14:34:49',1,0),(308,NULL,68,32,'201812',2018,34.41,'import','2018-12-01','2018-12-01',0,'2019-09-26 14:34:49',1,'2019-09-26 14:34:49',1,0),(309,NULL,69,32,'201812',2018,5.38,'import','2018-12-01','2018-12-01',0,'2019-09-26 14:34:49',1,'2019-09-26 14:34:49',1,0),(310,NULL,70,32,'201812',2018,5112.98,'import','2018-12-01','2018-12-01',0,'2019-09-26 14:34:49',1,'2019-09-26 14:34:49',1,0),(311,NULL,71,32,'201812',2018,766.85,'import','2018-12-01','2018-12-01',0,'2019-09-26 14:34:49',1,'2019-09-26 14:34:50',1,0),(312,NULL,72,32,'201812',2018,5885.21,'import','2018-12-01','2018-12-01',0,'2019-09-26 14:34:49',1,'2019-09-26 14:34:50',1,0),(313,NULL,73,32,'201812',2018,3024.26,'import','2018-12-01','2018-12-01',0,'2019-09-26 14:34:49',1,'2019-09-26 14:34:50',1,0),(314,NULL,59,31,'201812',2018,10200.00,'import','2018-12-01','2018-12-01',0,'2019-09-26 14:34:50',1,'2019-09-26 14:34:50',1,0),(315,NULL,61,31,'201812',2018,10200.00,'import','2018-12-01','2018-12-01',0,'2019-09-26 14:34:50',1,'2019-09-26 14:34:50',1,0),(316,NULL,64,31,'201812',2018,57.72,'import','2018-12-01','2018-12-01',0,'2019-09-26 14:34:50',1,'2019-09-26 14:34:50',1,0),(317,NULL,67,31,'201812',2018,57.72,'import','2018-12-01','2018-12-01',0,'2019-09-26 14:34:50',1,'2019-09-26 14:34:50',1,0),(318,NULL,68,31,'201812',2018,34.41,'import','2018-12-01','2018-12-01',0,'2019-09-26 14:34:50',1,'2019-09-26 14:34:50',1,0),(319,NULL,69,31,'201812',2018,5.38,'import','2018-12-01','2018-12-01',0,'2019-09-26 14:34:50',1,'2019-09-26 14:34:50',1,0),(320,NULL,70,31,'201812',2018,4116.77,'import','2018-12-01','2018-12-01',0,'2019-09-26 14:34:50',1,'2019-09-26 14:34:50',1,0),(321,NULL,71,31,'201812',2018,599.95,'import','2018-12-01','2018-12-01',0,'2019-09-26 14:34:50',1,'2019-09-26 14:34:50',1,0),(322,NULL,72,31,'201812',2018,4722.10,'import','2018-12-01','2018-12-01',0,'2019-09-26 14:34:50',1,'2019-09-26 14:34:50',1,0),(323,NULL,73,31,'201812',2018,5385.77,'import','2018-12-01','2018-12-01',0,'2019-09-26 14:34:50',1,'2019-09-26 14:34:50',1,0),(324,NULL,64,8,'201901',2018,57.72,'import','2019-01-01','2019-01-01',0,'2019-09-26 14:34:55',1,'2019-09-26 14:34:55',1,0),(325,NULL,67,8,'201901',2018,57.72,'import','2019-01-01','2019-01-01',0,'2019-09-26 14:34:55',1,'2019-09-26 14:34:55',1,0),(326,NULL,68,8,'201901',2018,34.41,'import','2019-01-01','2019-01-01',0,'2019-09-26 14:34:55',1,'2019-09-26 14:34:55',1,0),(327,NULL,69,8,'201901',2018,5.38,'import','2019-01-01','2019-01-01',0,'2019-09-26 14:34:55',1,'2019-09-26 14:34:55',1,0),(328,NULL,70,8,'201901',2018,6748.50,'import','2019-01-01','2019-01-01',0,'2019-09-26 14:34:55',1,'2019-09-26 14:34:55',1,0),(329,NULL,71,8,'201901',2018,790.35,'import','2019-01-01','2019-01-01',0,'2019-09-26 14:34:55',1,'2019-09-26 14:34:56',1,0),(330,NULL,72,8,'201901',2018,7544.23,'import','2019-01-01','2019-01-01',0,'2019-09-26 14:34:55',1,'2019-09-26 14:34:56',1,0),(331,NULL,73,8,'201901',2018,-7636.36,'import','2019-01-01','2019-01-01',0,'2019-09-26 14:34:55',1,'2019-09-26 14:34:56',1,0),(332,NULL,64,32,'201901',2018,57.72,'import','2019-01-01','2019-01-01',0,'2019-09-26 14:34:56',1,'2019-09-26 14:34:56',1,0),(333,NULL,67,32,'201901',2018,57.72,'import','2019-01-01','2019-01-01',0,'2019-09-26 14:34:56',1,'2019-09-26 14:34:56',1,0),(334,NULL,68,32,'201901',2018,34.41,'import','2019-01-01','2019-01-01',0,'2019-09-26 14:34:56',1,'2019-09-26 14:34:56',1,0),(335,NULL,69,32,'201901',2018,5.38,'import','2019-01-01','2019-01-01',0,'2019-09-26 14:34:56',1,'2019-09-26 14:34:56',1,0),(336,NULL,70,32,'201901',2018,4833.27,'import','2019-01-01','2019-01-01',0,'2019-09-26 14:34:56',1,'2019-09-26 14:34:56',1,0),(337,NULL,71,32,'201901',2018,766.85,'import','2019-01-01','2019-01-01',0,'2019-09-26 14:34:56',1,'2019-09-26 14:34:57',1,0),(338,NULL,72,32,'201901',2018,5605.50,'import','2019-01-01','2019-01-01',0,'2019-09-26 14:34:56',1,'2019-09-26 14:34:57',1,0),(339,NULL,73,32,'201901',2018,-5697.63,'import','2019-01-01','2019-01-01',0,'2019-09-26 14:34:56',1,'2019-09-26 14:34:57',1,0),(340,NULL,64,31,'201901',2018,57.72,'import','2019-01-01','2019-01-01',0,'2019-09-26 14:34:57',1,'2019-09-26 14:34:57',1,0),(341,NULL,67,31,'201901',2018,57.72,'import','2019-01-01','2019-01-01',0,'2019-09-26 14:34:57',1,'2019-09-26 14:34:57',1,0),(342,NULL,68,31,'201901',2018,34.41,'import','2019-01-01','2019-01-01',0,'2019-09-26 14:34:57',1,'2019-09-26 14:34:57',1,0),(343,NULL,69,31,'201901',2018,5.38,'import','2019-01-01','2019-01-01',0,'2019-09-26 14:34:57',1,'2019-09-26 14:34:57',1,0),(344,NULL,70,31,'201901',2018,6406.87,'import','2019-01-01','2019-01-01',0,'2019-09-26 14:34:57',1,'2019-09-26 14:34:57',1,0),(345,NULL,71,31,'201901',2018,822.80,'import','2019-01-01','2019-01-01',0,'2019-09-26 14:34:57',1,'2019-09-26 14:34:57',1,0),(346,NULL,72,31,'201901',2018,7235.05,'import','2019-01-01','2019-01-01',0,'2019-09-26 14:34:57',1,'2019-09-26 14:34:57',1,0),(347,NULL,73,31,'201901',2018,-7327.18,'import','2019-01-01','2019-01-01',0,'2019-09-26 14:34:57',1,'2019-09-26 14:34:57',1,0),(348,NULL,64,8,'201902',2018,57.72,'import','2019-02-01','2019-02-01',0,'2019-09-26 14:35:01',1,'2019-09-26 14:35:01',1,0),(349,NULL,67,8,'201902',2018,57.72,'import','2019-02-01','2019-02-01',0,'2019-09-26 14:35:01',1,'2019-09-26 14:35:01',1,0),(350,NULL,68,8,'201902',2018,34.41,'import','2019-02-01','2019-02-01',0,'2019-09-26 14:35:01',1,'2019-09-26 14:35:01',1,0),(351,NULL,69,8,'201902',2018,5.38,'import','2019-02-01','2019-02-01',0,'2019-09-26 14:35:01',1,'2019-09-26 14:35:01',1,0),(352,NULL,70,8,'201902',2018,6748.50,'import','2019-02-01','2019-02-01',0,'2019-09-26 14:35:01',1,'2019-09-26 14:35:01',1,0),(353,NULL,71,8,'201902',2018,790.35,'import','2019-02-01','2019-02-01',0,'2019-09-26 14:35:01',1,'2019-09-26 14:35:03',1,0),(354,NULL,72,8,'201902',2018,7544.23,'import','2019-02-01','2019-02-01',0,'2019-09-26 14:35:01',1,'2019-09-26 14:35:03',1,0),(355,NULL,73,8,'201902',2018,-7636.36,'import','2019-02-01','2019-02-01',0,'2019-09-26 14:35:01',1,'2019-09-26 14:35:03',1,0),(356,NULL,64,32,'201902',2018,57.72,'import','2019-02-01','2019-02-01',0,'2019-09-26 14:35:02',1,'2019-09-26 14:35:02',1,0),(357,NULL,67,32,'201902',2018,57.72,'import','2019-02-01','2019-02-01',0,'2019-09-26 14:35:02',1,'2019-09-26 14:35:02',1,0),(358,NULL,68,32,'201902',2018,34.41,'import','2019-02-01','2019-02-01',0,'2019-09-26 14:35:02',1,'2019-09-26 14:35:02',1,0),(359,NULL,69,32,'201902',2018,5.38,'import','2019-02-01','2019-02-01',0,'2019-09-26 14:35:02',1,'2019-09-26 14:35:02',1,0),(360,NULL,70,32,'201902',2018,4833.27,'import','2019-02-01','2019-02-01',0,'2019-09-26 14:35:02',1,'2019-09-26 14:35:02',1,0),(361,NULL,71,32,'201902',2018,766.85,'import','2019-02-01','2019-02-01',0,'2019-09-26 14:35:02',1,'2019-09-26 14:35:03',1,0),(362,NULL,72,32,'201902',2018,5605.50,'import','2019-02-01','2019-02-01',0,'2019-09-26 14:35:02',1,'2019-09-26 14:35:03',1,0),(363,NULL,73,32,'201902',2018,-5697.63,'import','2019-02-01','2019-02-01',0,'2019-09-26 14:35:02',1,'2019-09-26 14:35:03',1,0),(364,NULL,64,31,'201902',2018,57.72,'import','2019-02-01','2019-02-01',0,'2019-09-26 14:35:03',1,'2019-09-26 14:35:03',1,0),(365,NULL,67,31,'201902',2018,57.72,'import','2019-02-01','2019-02-01',0,'2019-09-26 14:35:03',1,'2019-09-26 14:35:03',1,0),(366,NULL,68,31,'201902',2018,34.41,'import','2019-02-01','2019-02-01',0,'2019-09-26 14:35:03',1,'2019-09-26 14:35:03',1,0),(367,NULL,69,31,'201902',2018,5.38,'import','2019-02-01','2019-02-01',0,'2019-09-26 14:35:03',1,'2019-09-26 14:35:03',1,0),(368,NULL,70,31,'201902',2018,6406.87,'import','2019-02-01','2019-02-01',0,'2019-09-26 14:35:03',1,'2019-09-26 14:35:03',1,0),(369,NULL,71,31,'201902',2018,822.80,'import','2019-02-01','2019-02-01',0,'2019-09-26 14:35:03',1,'2019-09-26 14:35:03',1,0),(370,NULL,72,31,'201902',2018,7235.05,'import','2019-02-01','2019-02-01',0,'2019-09-26 14:35:03',1,'2019-09-26 14:35:03',1,0),(371,NULL,73,31,'201902',2018,-7327.18,'import','2019-02-01','2019-02-01',0,'2019-09-26 14:35:03',1,'2019-09-26 14:35:03',1,0),(372,NULL,61,32,'TOTAL',-1,57337.17,'calculated','2019-06-30','2019-06-30',1,'2019-09-26 14:36:54',1,'2019-09-26 14:37:38',1,0),(373,NULL,60,32,'201807',2018,100.00,'manual','2018-07-01','2018-07-01',0,'2019-09-26 14:37:16',1,'2019-09-26 14:37:16',1,0),(374,NULL,60,32,'201808',2018,100.00,'manual','2018-08-01','2018-08-01',0,'2019-09-26 14:37:16',1,'2019-09-26 14:37:16',1,0),(375,NULL,60,32,'TOTAL',2018,200.00,'calculated','2019-06-30','2019-06-30',1,'2019-09-26 14:37:16',1,'2019-09-26 14:37:16',1,0),(376,NULL,59,32,'201807',2018,1.00,'manual','2018-07-01','2018-07-01',0,'2019-09-26 14:37:35',1,'2019-09-26 14:38:21',1,0),(377,NULL,57,19,'ANNR',2017,1000.00,'manual','2018-06-30','2018-06-30',0,'2019-10-08 12:04:51',1,'2019-10-08 12:04:51',1,0),(378,NULL,57,19,'ANNR',2017,1000.00,'manual','2018-06-30','2018-06-30',0,'2019-10-08 12:33:32',1,'2019-10-08 12:33:32',1,0),(379,NULL,57,19,'ANNR',2017,1000.00,'manual','2018-06-30','2018-06-30',0,'2019-10-08 12:47:17',1,'2019-10-08 12:47:17',1,0),(380,NULL,57,19,'TOTAL',2017,3000.00,'calculated','2018-06-30','2018-06-30',1,'2019-10-08 13:42:32',1,'2019-10-08 13:42:32',1,0),(381,NULL,53,19,'201810',2018,10.00,'manual','2018-10-01','2018-10-01',0,'2019-10-08 13:52:18',1,'2019-10-08 13:52:18',1,0),(382,NULL,53,19,'201811',2018,10.00,'manual','2018-11-01','2018-11-01',0,'2019-10-08 13:52:18',1,'2019-10-08 13:52:18',1,0),(383,NULL,53,19,'201812',2018,10.00,'manual','2018-12-01','2018-12-01',0,'2019-10-08 13:52:18',1,'2019-10-08 13:52:18',1,0),(384,NULL,53,19,'TOTAL',2018,162.00,'calculated','2019-06-30','2019-06-30',1,'2019-10-08 14:00:24',1,'2019-10-08 14:19:42',1,0),(385,NULL,55,19,'201901',2018,1321.00,'manual','2019-01-01','2019-01-01',0,'2019-10-08 14:19:14',1,'2019-10-08 14:19:14',1,0),(386,NULL,55,19,'201902',2018,1156.00,'manual','2019-02-01','2019-02-01',0,'2019-10-08 14:19:14',1,'2019-10-08 14:19:14',1,0),(387,NULL,55,19,'TOTAL',2018,125798.00,'calculated','2019-06-30','2019-06-30',1,'2019-10-08 14:19:14',1,'2019-10-09 14:33:33',1,0),(388,NULL,53,19,'201901',2018,132.00,'manual','2019-01-01','2019-01-01',0,'2019-10-08 14:19:42',1,'2019-10-08 14:19:42',1,0),(389,NULL,54,19,'201901',2018,11156.00,'manual','2019-01-01','2019-01-01',0,'2019-10-08 14:19:42',1,'2019-10-08 14:19:42',1,0),(390,NULL,54,19,'TOTAL',2018,35530.00,'calculated','2019-06-30','2019-06-30',1,'2019-10-08 14:19:42',1,'2019-10-09 14:33:33',1,0),(391,NULL,57,19,'201807',2018,13.00,'manual','2018-07-01','2018-07-01',0,'2019-10-08 15:21:28',1,'2019-10-08 15:21:28',1,0),(392,NULL,57,19,'TOTAL',2018,78.00,'calculated','2019-06-30','2019-06-30',1,'2019-10-08 15:21:28',1,'2019-10-09 14:32:17',1,0),(393,NULL,59,19,'201807',2018,1000.00,'manual','2018-07-01','2018-07-01',0,'2019-10-08 15:22:00',1,'2019-10-08 15:22:00',1,0),(394,NULL,59,19,'TOTAL',2018,33610.00,'calculated','2019-06-30','2019-06-30',1,'2019-10-08 15:22:00',1,'2019-10-09 14:32:17',1,0),(395,NULL,60,19,'201807',2018,10.00,'manual','2018-07-01','2018-07-01',0,'2019-10-08 15:22:05',1,'2019-10-08 15:22:05',1,0),(396,NULL,60,19,'TOTAL',2018,1304.00,'calculated','2019-06-30','2019-06-30',1,'2019-10-08 15:22:05',1,'2019-10-09 12:52:55',1,0),(397,NULL,61,19,'201807',2018,1010.00,'calculated','2018-07-01','2018-07-01',1,'2019-10-09 09:57:49',1,'2019-10-09 09:57:49',1,0),(398,NULL,61,19,'TOTAL',2018,34914.00,'calculated','2019-06-30','2019-06-30',1,'2019-10-09 09:57:49',1,'2019-10-09 14:32:24',1,0),(399,NULL,58,19,'201807',2018,77.69,'calculated','2018-07-01','2018-07-01',1,'2019-10-09 09:59:05',1,'2019-10-09 09:59:05',1,0),(400,NULL,58,19,'TOTAL',2018,447.62,'calculated','2019-06-30','2019-06-30',1,'2019-10-09 09:59:05',1,'2019-10-09 14:32:24',1,0),(401,NULL,57,19,'201808',2018,10.00,'manual','2018-08-01','2018-08-01',0,'2019-10-09 09:59:30',1,'2019-10-09 09:59:30',1,0),(402,NULL,57,19,'201809',2018,10.00,'manual','2018-09-01','2018-09-01',0,'2019-10-09 09:59:30',1,'2019-10-09 09:59:30',1,0),(403,NULL,57,19,'201810',2018,10.00,'manual','2018-10-01','2018-10-01',0,'2019-10-09 09:59:30',1,'2019-10-09 09:59:30',1,0),(404,NULL,57,19,'201811',2018,10.00,'manual','2018-11-01','2018-11-01',0,'2019-10-09 09:59:30',1,'2019-10-09 09:59:30',1,0),(405,NULL,59,19,'201808',2018,7500.00,'manual','2018-08-01','2018-08-01',0,'2019-10-09 09:59:30',1,'2019-10-09 09:59:30',1,0),(406,NULL,59,19,'201809',2018,7500.00,'manual','2018-09-01','2018-09-01',0,'2019-10-09 09:59:30',1,'2019-10-09 09:59:30',1,0),(407,NULL,59,19,'201810',2018,7500.00,'manual','2018-10-01','2018-10-01',0,'2019-10-09 09:59:30',1,'2019-10-09 09:59:30',1,0),(408,NULL,59,19,'201811',2018,8000.00,'manual','2018-11-01','2018-11-01',0,'2019-10-09 09:59:30',1,'2019-10-09 10:48:19',1,0),(409,NULL,61,19,'201808',2018,7500.00,'calculated','2018-08-01','2018-08-01',1,'2019-10-09 09:59:39',1,'2019-10-09 09:59:39',1,0),(410,NULL,61,19,'201809',2018,7650.00,'calculated','2018-09-01','2018-09-01',1,'2019-10-09 09:59:39',1,'2019-10-09 10:49:50',1,0),(411,NULL,61,19,'201810',2018,8500.00,'calculated','2018-10-01','2018-10-01',1,'2019-10-09 09:59:39',1,'2019-10-09 12:52:57',1,0),(412,NULL,61,19,'201811',2018,8012.00,'calculated','2018-11-01','2018-11-01',1,'2019-10-09 09:59:39',1,'2019-10-09 10:49:51',1,0),(413,NULL,58,19,'201808',2018,750.00,'calculated','2018-08-01','2018-08-01',1,'2019-10-09 09:59:41',1,'2019-10-09 09:59:41',1,0),(414,NULL,58,19,'201809',2018,765.00,'calculated','2018-09-01','2018-09-01',1,'2019-10-09 09:59:41',1,'2019-10-09 10:49:54',1,0),(415,NULL,58,19,'201810',2018,850.00,'calculated','2018-10-01','2018-10-01',1,'2019-10-09 09:59:41',1,'2019-10-09 12:53:04',1,0),(416,NULL,58,19,'201811',2018,801.20,'calculated','2018-11-01','2018-11-01',1,'2019-10-09 09:59:41',1,'2019-10-09 10:49:55',1,0),(417,NULL,60,19,'201811',2018,12.00,'manual','2018-11-01','2018-11-01',0,'2019-10-09 10:32:20',1,'2019-10-09 10:32:20',1,0),(418,NULL,57,19,'201901',2018,13.00,'manual','2019-01-01','2019-01-01',0,'2019-10-09 10:33:42',1,'2019-10-09 10:50:04',1,0),(419,NULL,59,19,'201901',2018,1000.00,'manual','2019-01-01','2019-01-01',0,'2019-10-09 10:33:42',1,'2019-10-09 12:55:56',1,0),(420,NULL,60,19,'201809',2018,150.00,'manual','2018-09-01','2018-09-01',0,'2019-10-09 10:33:42',1,'2019-10-09 10:33:42',1,0),(421,NULL,60,19,'201901',2018,132.00,'manual','2019-01-01','2019-01-01',0,'2019-10-09 10:33:42',1,'2019-10-09 10:33:42',1,0),(422,NULL,61,19,'201901',2018,1132.00,'calculated','2019-01-01','2019-01-01',1,'2019-10-09 10:49:51',1,'2019-10-09 12:56:00',1,0),(423,NULL,58,19,'201901',2018,87.08,'calculated','2019-01-01','2019-01-01',1,'2019-10-09 10:49:55',1,'2019-10-09 12:56:00',1,0),(424,NULL,73,19,'201807',2018,1012.72,'calculated','2018-07-01','2018-07-01',0,'2019-10-09 12:34:08',1,'2019-10-09 12:34:08',1,0),(425,NULL,73,19,'201808',2018,7502.72,'calculated','2018-08-01','2018-08-01',0,'2019-10-09 12:34:08',1,'2019-10-09 12:34:08',1,0),(426,NULL,73,19,'201809',2018,7652.72,'calculated','2018-09-01','2018-09-01',0,'2019-10-09 12:34:08',1,'2019-10-09 12:34:08',1,0),(427,NULL,73,19,'201810',2018,8502.72,'calculated','2018-10-01','2018-10-01',0,'2019-10-09 12:34:08',1,'2019-10-09 12:55:19',1,0),(428,NULL,73,19,'201811',2018,8014.72,'calculated','2018-11-01','2018-11-01',0,'2019-10-09 12:34:09',1,'2019-10-09 12:34:09',1,0),(429,NULL,73,19,'201812',2018,2.72,'calculated','2018-12-01','2018-12-01',0,'2019-10-09 12:34:09',1,'2019-10-09 12:34:09',1,0),(430,NULL,73,19,'201901',2018,2336.72,'calculated','2019-01-01','2019-01-01',0,'2019-10-09 12:34:09',1,'2019-10-09 12:56:01',1,0),(431,NULL,73,19,'201902',2018,2.72,'calculated','2019-02-01','2019-02-01',0,'2019-10-09 12:34:09',1,'2019-10-09 12:34:09',1,0),(432,NULL,73,19,'TOTAL',2018,37274.72,'calculated','2019-06-30','2019-06-30',0,'2019-10-09 12:34:09',1,'2019-10-09 14:32:25',1,0),(433,NULL,60,19,'201810',2018,1000.00,'manual','2018-10-01','2018-10-01',0,'2019-10-09 12:52:55',1,'2019-10-09 12:52:55',1,0),(434,NULL,59,19,'201903',2018,100.00,'manual','2019-03-01','2019-03-01',0,'2019-10-09 12:55:56',1,'2019-10-09 12:55:56',1,0),(435,NULL,62,19,'201903',2018,1111.00,'manual','2019-03-01','2019-03-01',0,'2019-10-09 12:55:56',1,'2019-10-09 12:55:56',1,0),(436,NULL,65,19,'201901',2018,1202.00,'manual','2019-01-01','2019-01-01',0,'2019-10-09 12:55:56',1,'2019-10-09 12:55:56',1,0),(437,NULL,62,19,'TOTAL',2018,1145.00,'calculated','2019-06-30','2019-06-30',1,'2019-10-09 12:55:56',1,'2019-10-09 14:32:17',1,0),(438,NULL,65,19,'TOTAL',2018,1202.00,'calculated','2019-06-30','2019-06-30',1,'2019-10-09 12:55:56',1,'2019-10-09 12:55:56',1,0),(439,NULL,61,19,'201903',2018,100.00,'calculated','2019-03-01','2019-03-01',1,'2019-10-09 12:56:00',1,'2019-10-09 12:56:00',1,0),(440,NULL,67,19,'201901',2018,1202.00,'calculated','2019-01-01','2019-01-01',1,'2019-10-09 12:56:01',1,'2019-10-09 12:56:01',1,0),(441,NULL,67,19,'TOTAL',2018,1213.00,'calculated','2019-06-30','2019-06-30',1,'2019-10-09 12:56:01',1,'2019-10-09 14:32:24',1,0),(442,NULL,73,19,'201903',2018,1213.72,'calculated','2019-03-01','2019-03-01',0,'2019-10-09 12:56:01',1,'2019-10-09 12:56:01',1,0),(443,NULL,70,19,'201807',2018,1000.00,'manual','2018-07-01','2018-07-01',0,'2019-10-09 12:56:28',1,'2019-10-09 12:56:28',1,0),(444,NULL,70,19,'201808',2018,101.00,'manual','2018-08-01','2018-08-01',0,'2019-10-09 12:56:28',1,'2019-10-09 12:56:28',1,0),(445,NULL,70,19,'201809',2018,222.00,'manual','2018-09-01','2018-09-01',0,'2019-10-09 12:56:28',1,'2019-10-09 12:56:28',1,0),(446,NULL,70,19,'201810',2018,6665.00,'manual','2018-10-01','2018-10-01',0,'2019-10-09 12:56:28',1,'2019-10-09 12:56:28',1,0),(447,NULL,70,19,'TOTAL',2018,8100.00,'calculated','2019-06-30','2019-06-30',1,'2019-10-09 12:56:28',1,'2019-10-09 14:32:17',1,0),(448,NULL,72,19,'201807',2018,1000.00,'calculated','2018-07-01','2018-07-01',0,'2019-10-09 12:56:32',1,'2019-10-09 12:56:32',1,0),(449,NULL,72,19,'201808',2018,101.00,'calculated','2018-08-01','2018-08-01',0,'2019-10-09 12:56:32',1,'2019-10-09 12:56:32',1,0),(450,NULL,72,19,'201809',2018,222.00,'calculated','2018-09-01','2018-09-01',0,'2019-10-09 12:56:32',1,'2019-10-09 12:56:32',1,0),(451,NULL,72,19,'201810',2018,6665.00,'calculated','2018-10-01','2018-10-01',0,'2019-10-09 12:56:32',1,'2019-10-09 12:56:32',1,0),(452,NULL,72,19,'TOTAL',2018,8212.00,'calculated','2019-06-30','2019-06-30',0,'2019-10-09 12:56:32',1,'2019-10-09 14:32:25',1,0),(453,NULL,57,19,'201904',2018,12.00,'manual','2019-04-01','2019-04-01',0,'2019-10-09 14:32:17',1,'2019-10-09 14:32:17',1,0),(454,NULL,59,19,'201904',2018,1010.00,'manual','2019-04-01','2019-04-01',0,'2019-10-09 14:32:17',1,'2019-10-09 14:32:17',1,0),(455,NULL,62,19,'201904',2018,12.00,'manual','2019-04-01','2019-04-01',0,'2019-10-09 14:32:17',1,'2019-10-09 14:32:17',1,0),(456,NULL,62,19,'201905',2018,22.00,'manual','2019-05-01','2019-05-01',0,'2019-10-09 14:32:17',1,'2019-10-09 14:32:17',1,0),(457,NULL,63,19,'201904',2018,11.00,'manual','2019-04-01','2019-04-01',0,'2019-10-09 14:32:17',1,'2019-10-09 14:32:17',1,0),(458,NULL,70,19,'201906',2018,112.00,'manual','2019-06-01','2019-06-01',0,'2019-10-09 14:32:17',1,'2019-10-09 14:32:17',1,0),(459,NULL,71,19,'201906',2018,112.00,'manual','2019-06-01','2019-06-01',0,'2019-10-09 14:32:17',1,'2019-10-09 14:32:17',1,0),(460,NULL,63,19,'TOTAL',2018,11.00,'calculated','2019-06-30','2019-06-30',1,'2019-10-09 14:32:17',1,'2019-10-09 14:32:17',1,0),(461,NULL,71,19,'TOTAL',2018,112.00,'calculated','2019-06-30','2019-06-30',1,'2019-10-09 14:32:17',1,'2019-10-09 14:32:17',1,0),(462,NULL,61,19,'201904',2018,1010.00,'calculated','2019-04-01','2019-04-01',1,'2019-10-09 14:32:24',1,'2019-10-09 14:32:24',1,0),(463,NULL,58,19,'201904',2018,84.17,'calculated','2019-04-01','2019-04-01',1,'2019-10-09 14:32:24',1,'2019-10-09 14:32:24',1,0),(464,NULL,67,19,'201904',2018,11.00,'calculated','2019-04-01','2019-04-01',1,'2019-10-09 14:32:24',1,'2019-10-09 14:32:24',1,0),(465,NULL,72,19,'201906',2018,224.00,'calculated','2019-06-01','2019-06-01',0,'2019-10-09 14:32:25',1,'2019-10-09 14:32:25',1,0),(466,NULL,73,19,'201904',2018,1035.72,'calculated','2019-04-01','2019-04-01',0,'2019-10-09 14:32:25',1,'2019-10-09 14:32:25',1,0),(467,NULL,73,19,'201905',2018,24.72,'calculated','2019-05-01','2019-05-01',0,'2019-10-09 14:32:25',1,'2019-10-09 14:32:25',1,0),(468,NULL,73,19,'201906',2018,2.72,'calculated','2019-06-01','2019-06-01',0,'2019-10-09 14:32:25',1,'2019-10-09 14:32:25',1,0),(469,NULL,56,19,'201810',2018,123331.00,'calculated','2018-10-01','2018-10-01',1,'2019-10-09 14:33:22',1,'2019-10-09 14:33:35',1,0),(470,NULL,56,19,'201811',2018,10.00,'calculated','2018-11-01','2018-11-01',1,'2019-10-09 14:33:22',1,'2019-10-09 14:33:22',1,0),(471,NULL,56,19,'201812',2018,10.00,'calculated','2018-12-01','2018-12-01',1,'2019-10-09 14:33:22',1,'2019-10-09 14:33:22',1,0),(472,NULL,56,19,'201901',2018,1453.00,'calculated','2019-01-01','2019-01-01',1,'2019-10-09 14:33:22',1,'2019-10-09 14:33:22',1,0),(473,NULL,56,19,'201902',2018,1156.00,'calculated','2019-02-01','2019-02-01',1,'2019-10-09 14:33:22',1,'2019-10-09 14:33:22',1,0),(474,NULL,56,19,'TOTAL',2018,125960.00,'calculated','2019-06-30','2019-06-30',1,'2019-10-09 14:33:22',1,'2019-10-09 14:33:35',1,0),(475,NULL,54,19,'201810',2018,13223.00,'manual','2018-10-01','2018-10-01',0,'2019-10-09 14:33:33',1,'2019-10-09 14:33:33',1,0),(476,NULL,54,19,'201811',2018,11151.00,'manual','2018-11-01','2018-11-01',0,'2019-10-09 14:33:33',1,'2019-10-09 14:33:33',1,0),(477,NULL,55,19,'201810',2018,123321.00,'manual','2018-10-01','2018-10-01',0,'2019-10-09 14:33:33',1,'2019-10-09 14:33:33',1,0);
/*!40000 ALTER TABLE `cells` ENABLE KEYS */;
UNLOCK TABLES;

--
-- Table structure for table `history`
--

DROP TABLE IF EXISTS `history`;
/*!40101 SET @saved_cs_client     = @@character_set_client */;
/*!50503 SET character_set_client = utf8mb4 */;
CREATE TABLE `history` (
  `id` bigint(20) unsigned NOT NULL AUTO_INCREMENT,
  `refType` varchar(100) NOT NULL,
  `refId` bigint(20) unsigned NOT NULL,
  `operation` varchar(10) DEFAULT NULL,
  `colName` varchar(200) DEFAULT NULL,
  `oldValue` mediumtext,
  `newValue` mediumtext,
  `operationDate` timestamp NOT NULL DEFAULT CURRENT_TIMESTAMP,
  `idUsers` bigint(20) unsigned DEFAULT NULL,
  PRIMARY KEY (`id`),
  KEY `historyUser` (`idUsers`),
  KEY `historyRef` (`refType`,`refId`)
) ENGINE=InnoDB AUTO_INCREMENT=811 DEFAULT CHARSET=utf8;
/*!40101 SET character_set_client = @saved_cs_client */;

--
-- Dumping data for table `history`
--

LOCK TABLES `history` WRITE;
/*!40000 ALTER TABLE `history` DISABLE KEYS */;
INSERT INTO `history` VALUES (6,'User',34,'update','name','TEstMath','ccss - test UPDATEassscaa','2019-09-03 14:25:17',1),(7,'User',34,'update','email','matqqqqhieu.beau@gmail.com','mathieu.beau@gssc','2019-09-03 14:25:17',1),(8,'User',34,'update','idUserStatus','2','3','2019-09-03 14:25:17',1),(9,'User',41,'insert',NULL,NULL,NULL,'2019-09-04 15:22:41',1),(10,'User',43,'insert',NULL,NULL,NULL,'2019-09-04 15:49:33',1),(11,'Associate',19,'update','address',NULL,'1 rue du lac','2019-09-06 07:52:38',1),(12,'Cell',26,'delete',NULL,NULL,NULL,'2019-09-06 07:53:08',1),(13,'Cell',39,'insert',NULL,NULL,NULL,'2019-09-06 07:58:08',1),(14,'Cell',3,'delete',NULL,NULL,NULL,'2019-09-06 07:58:58',1),(18,'Cell',35,'delete',NULL,NULL,NULL,'2019-09-09 09:55:16',1),(19,'Cell',40,'insert',NULL,NULL,NULL,'2019-09-09 09:55:16',1),(20,'Cell',39,'update','value','1.00','10.00','2019-09-16 12:16:13',1),(21,'Cell',41,'insert',NULL,NULL,NULL,'2019-09-16 12:16:13',1),(22,'Cell',42,'insert',NULL,NULL,NULL,'2019-09-16 12:16:13',1),(23,'Cell',43,'insert',NULL,NULL,NULL,'2019-09-16 12:16:13',1),(24,'Cell',44,'insert',NULL,NULL,NULL,'2019-09-16 12:16:15',1),(25,'Cell',45,'insert',NULL,NULL,NULL,'2019-09-16 12:16:20',1),(26,'Cell',25,'update','value','1.00','2','2019-09-16 12:16:54',1),(27,'Cell',42,'update','value','65.00','66','2019-09-16 12:16:54',1),(28,'Cell',46,'insert',NULL,NULL,NULL,'2019-09-16 13:55:59',1),(29,'Cell',47,'insert',NULL,NULL,NULL,'2019-09-16 13:55:59',1),(30,'Cell',48,'insert',NULL,NULL,NULL,'2019-09-16 13:55:59',1),(31,'Cell',49,'insert',NULL,NULL,NULL,'2019-09-16 13:55:59',1),(32,'Cell',50,'insert',NULL,NULL,NULL,'2019-09-16 13:55:59',1),(33,'Cell',51,'insert',NULL,NULL,NULL,'2019-09-16 13:55:59',1),(34,'Cell',52,'insert',NULL,NULL,NULL,'2019-09-16 13:55:59',1),(35,'Cell',53,'insert',NULL,NULL,NULL,'2019-09-16 13:56:41',1),(36,'Cell',54,'insert',NULL,NULL,NULL,'2019-09-16 13:56:41',1),(37,'Cell',55,'insert',NULL,NULL,NULL,'2019-09-16 13:56:41',1),(38,'Cell',56,'insert',NULL,NULL,NULL,'2019-09-16 13:56:41',1),(39,'Cell',57,'insert',NULL,NULL,NULL,'2019-09-16 13:56:41',1),(40,'Cell',58,'insert',NULL,NULL,NULL,'2019-09-16 13:56:41',1),(41,'Cell',59,'insert',NULL,NULL,NULL,'2019-09-16 13:56:41',1),(42,'Cell',60,'insert',NULL,NULL,NULL,'2019-09-16 13:56:41',1),(43,'Cell',61,'insert',NULL,NULL,NULL,'2019-09-16 13:56:41',1),(44,'Cell',62,'insert',NULL,NULL,NULL,'2019-09-16 13:56:41',1),(45,'Cell',63,'insert',NULL,NULL,NULL,'2019-09-16 13:56:41',1),(46,'Cell',64,'insert',NULL,NULL,NULL,'2019-09-16 13:56:41',1),(47,'Cell',65,'insert',NULL,NULL,NULL,'2019-09-16 13:56:41',1),(48,'Cell',66,'insert',NULL,NULL,NULL,'2019-09-16 13:56:41',1),(49,'Cell',67,'insert',NULL,NULL,NULL,'2019-09-16 13:56:41',1),(50,'Cell',68,'insert',NULL,NULL,NULL,'2019-09-16 13:56:41',1),(51,'Cell',69,'insert',NULL,NULL,NULL,'2019-09-16 13:56:41',1),(52,'Cell',70,'insert',NULL,NULL,NULL,'2019-09-16 13:56:41',1),(53,'Cell',71,'insert',NULL,NULL,NULL,'2019-09-16 13:56:41',1),(54,'Cell',72,'insert',NULL,NULL,NULL,'2019-09-16 13:56:41',1),(55,'Cell',73,'insert',NULL,NULL,NULL,'2019-09-16 13:56:41',1),(56,'Cell',74,'insert',NULL,NULL,NULL,'2019-09-16 13:56:41',1),(57,'Cell',75,'insert',NULL,NULL,NULL,'2019-09-16 13:56:41',1),(58,'Cell',76,'insert',NULL,NULL,NULL,'2019-09-16 13:56:41',1),(59,'Cell',77,'insert',NULL,NULL,NULL,'2019-09-16 13:56:45',1),(60,'Cell',78,'insert',NULL,NULL,NULL,'2019-09-16 13:56:45',1),(61,'Cell',79,'insert',NULL,NULL,NULL,'2019-09-16 13:56:45',1),(62,'Cell',80,'insert',NULL,NULL,NULL,'2019-09-16 13:56:45',1),(63,'Cell',81,'insert',NULL,NULL,NULL,'2019-09-16 13:56:45',1),(64,'Cell',82,'insert',NULL,NULL,NULL,'2019-09-16 13:56:45',1),(65,'Cell',83,'insert',NULL,NULL,NULL,'2019-09-16 14:06:14',1),(66,'Cell',47,'update','value','2.00','20','2019-09-18 14:11:23',1),(67,'Cell',47,'update','source','calculated','manual','2019-09-18 14:11:23',1),(68,'Cell',52,'update','value','66.00','84','2019-09-18 14:11:23',1),(69,'Cell',52,'update','isReadonly','0','1','2019-09-18 14:11:23',1),(70,'Cell',47,'update','value','20.00','10','2019-09-18 14:13:19',1),(71,'Cell',52,'update','value','84.00','74','2019-09-18 14:13:19',1),(72,'Cell',78,'update','value','147.60','738','2019-09-18 14:13:27',1),(73,'Cell',84,'insert',NULL,NULL,NULL,'2019-09-18 14:32:36',1),(74,'Cell',85,'insert',NULL,NULL,NULL,'2019-09-18 14:32:36',1),(79,'Cell',86,'insert',NULL,NULL,NULL,'2019-09-20 15:06:33',1),(80,'Cell',43,'update','value','46177.50','47377.5','2019-09-20 15:06:33',1),(81,'Cell',87,'insert',NULL,NULL,NULL,'2019-09-20 15:07:02',1),(82,'Cell',45,'update','value','710.42','717.84','2019-09-20 15:07:02',1),(83,'Cell',88,'insert',NULL,NULL,NULL,'2019-09-20 15:13:33',1),(84,'Cell',89,'insert',NULL,NULL,NULL,'2019-09-20 15:13:33',1),(85,'Cell',90,'insert',NULL,NULL,NULL,'2019-09-20 15:17:45',1),(86,'Cell',91,'insert',NULL,NULL,NULL,'2019-09-20 15:17:45',1),(87,'Cell',92,'insert',NULL,NULL,NULL,'2019-09-20 15:17:45',1),(88,'Cell',93,'insert',NULL,NULL,NULL,'2019-09-20 15:17:45',1),(89,'Cell',94,'insert',NULL,NULL,NULL,'2019-09-20 15:17:45',1),(90,'Cell',95,'insert',NULL,NULL,NULL,'2019-09-20 15:17:45',1),(91,'Cell',96,'insert',NULL,NULL,NULL,'2019-09-20 15:17:45',1),(92,'Cell',97,'insert',NULL,NULL,NULL,'2019-09-20 15:17:45',1),(93,'Cell',98,'insert',NULL,NULL,NULL,'2019-09-20 15:17:45',1),(94,'Cell',99,'insert',NULL,NULL,NULL,'2019-09-20 15:17:45',1),(95,'Cell',100,'insert',NULL,NULL,NULL,'2019-09-20 15:17:45',1),(96,'Cell',52,'update','value','74.00','66','2019-09-20 15:18:39',1),(97,'Cell',52,'update','isReadonly','1','0','2019-09-20 15:18:39',1),(98,'Cell',47,'delete',NULL,NULL,NULL,'2019-09-20 15:19:01',1),(99,'Cell',52,'update','value','66.00','64','2019-09-20 15:19:02',1),(100,'Cell',52,'update','isReadonly','0','1','2019-09-20 15:19:02',1),(101,'Cell',78,'delete',NULL,NULL,NULL,'2019-09-20 15:19:08',1),(102,'Cell',101,'insert',NULL,NULL,NULL,'2019-09-20 15:19:11',1),(103,'Cell',52,'update','value','64.00','66','2019-09-20 15:19:11',1),(104,'Cell',52,'update','isReadonly','1','0','2019-09-20 15:19:11',1),(105,'Cell',102,'insert',NULL,NULL,NULL,'2019-09-20 15:19:13',1),(106,'Cell',103,'insert',NULL,NULL,NULL,'2019-09-20 15:19:49',1),(107,'Cell',104,'insert',NULL,NULL,NULL,'2019-09-20 15:34:19',1),(108,'Cell',105,'insert',NULL,NULL,NULL,'2019-09-20 15:34:19',1),(109,'Cell',106,'insert',NULL,NULL,NULL,'2019-09-20 15:34:19',1),(110,'Cell',107,'insert',NULL,NULL,NULL,'2019-09-20 15:34:19',1),(111,'Cell',108,'insert',NULL,NULL,NULL,'2019-09-20 15:34:20',1),(113,'Cell',109,'insert',NULL,NULL,NULL,'2019-09-26 14:32:10',1),(114,'Cell',110,'insert',NULL,NULL,NULL,'2019-09-26 14:32:10',1),(115,'Cell',111,'insert',NULL,NULL,NULL,'2019-09-26 14:32:10',1),(116,'Cell',112,'insert',NULL,NULL,NULL,'2019-09-26 14:32:10',1),(117,'Cell',113,'insert',NULL,NULL,NULL,'2019-09-26 14:32:10',1),(118,'Cell',114,'insert',NULL,NULL,NULL,'2019-09-26 14:32:10',1),(119,'Cell',115,'insert',NULL,NULL,NULL,'2019-09-26 14:32:10',1),(120,'Cell',116,'insert',NULL,NULL,NULL,'2019-09-26 14:32:10',1),(121,'Cell',117,'insert',NULL,NULL,NULL,'2019-09-26 14:32:10',1),(122,'Cell',118,'insert',NULL,NULL,NULL,'2019-09-26 14:32:10',1),(123,'Cell',119,'insert',NULL,NULL,NULL,'2019-09-26 14:32:10',1),(124,'Cell',120,'insert',NULL,NULL,NULL,'2019-09-26 14:32:10',1),(125,'Cell',121,'insert',NULL,NULL,NULL,'2019-09-26 14:32:10',1),(126,'Cell',122,'insert',NULL,NULL,NULL,'2019-09-26 14:32:10',1),(127,'Cell',123,'insert',NULL,NULL,NULL,'2019-09-26 14:32:10',1),(128,'Cell',124,'insert',NULL,NULL,NULL,'2019-09-26 14:32:10',1),(129,'Cell',125,'insert',NULL,NULL,NULL,'2019-09-26 14:32:10',1),(130,'Cell',126,'insert',NULL,NULL,NULL,'2019-09-26 14:32:10',1),(131,'Cell',127,'insert',NULL,NULL,NULL,'2019-09-26 14:32:11',1),(132,'Cell',128,'insert',NULL,NULL,NULL,'2019-09-26 14:32:11',1),(133,'Cell',129,'insert',NULL,NULL,NULL,'2019-09-26 14:32:11',1),(134,'Cell',130,'insert',NULL,NULL,NULL,'2019-09-26 14:32:11',1),(135,'Cell',131,'insert',NULL,NULL,NULL,'2019-09-26 14:32:55',1),(136,'Cell',132,'insert',NULL,NULL,NULL,'2019-09-26 14:32:55',1),(137,'Cell',133,'insert',NULL,NULL,NULL,'2019-09-26 14:32:55',1),(138,'Cell',134,'insert',NULL,NULL,NULL,'2019-09-26 14:32:55',1),(139,'Cell',135,'insert',NULL,NULL,NULL,'2019-09-26 14:32:55',1),(140,'Cell',136,'insert',NULL,NULL,NULL,'2019-09-26 14:32:55',1),(141,'Cell',137,'insert',NULL,NULL,NULL,'2019-09-26 14:32:55',1),(142,'Cell',138,'insert',NULL,NULL,NULL,'2019-09-26 14:32:55',1),(143,'Cell',139,'insert',NULL,NULL,NULL,'2019-09-26 14:32:55',1),(144,'Cell',140,'insert',NULL,NULL,NULL,'2019-09-26 14:32:55',1),(145,'Cell',141,'insert',NULL,NULL,NULL,'2019-09-26 14:32:55',1),(146,'Cell',142,'insert',NULL,NULL,NULL,'2019-09-26 14:32:55',1),(147,'Cell',120,'update','value','16800.00','20640','2019-09-26 14:32:55',1),(148,'Cell',121,'update','value','16800.00','20640','2019-09-26 14:32:55',1),(149,'Cell',122,'update','value','672.00','825.6','2019-09-26 14:32:55',1),(150,'Cell',123,'update','value','57.72','115.44','2019-09-26 14:32:55',1),(151,'Cell',143,'insert',NULL,NULL,NULL,'2019-09-26 14:32:55',1),(152,'Cell',124,'update','value','729.72','1023.85','2019-09-26 14:32:55',1),(153,'Cell',125,'update','value','34.41','68.82','2019-09-26 14:32:55',1),(154,'Cell',126,'update','value','5.38','10.76','2019-09-26 14:32:55',1),(155,'Cell',127,'update','value','5700.82','10886.32','2019-09-26 14:32:55',1),(156,'Cell',128,'update','value','779.46','1556.04','2019-09-26 14:32:55',1),(157,'Cell',129,'update','value','6485.66','12453.12','2019-09-26 14:32:55',1),(158,'Cell',130,'update','value','9550.21','7094.21','2019-09-26 14:32:56',1),(159,'Cell',140,'update','value','776.58','776.57832','2019-09-26 14:33:14',1),(160,'Cell',141,'update','value','5967.46','5967.45832','2019-09-26 14:33:14',1),(161,'Cell',142,'update','value','-2456.00','-2455.99832','2019-09-26 14:33:14',1),(162,'Cell',144,'insert',NULL,NULL,NULL,'2019-09-26 14:33:14',1),(163,'Cell',145,'insert',NULL,NULL,NULL,'2019-09-26 14:33:14',1),(164,'Cell',146,'insert',NULL,NULL,NULL,'2019-09-26 14:33:14',1),(165,'Cell',147,'insert',NULL,NULL,NULL,'2019-09-26 14:33:14',1),(166,'Cell',148,'insert',NULL,NULL,NULL,'2019-09-26 14:33:14',1),(167,'Cell',149,'insert',NULL,NULL,NULL,'2019-09-26 14:33:14',1),(168,'Cell',150,'insert',NULL,NULL,NULL,'2019-09-26 14:33:14',1),(169,'Cell',151,'insert',NULL,NULL,NULL,'2019-09-26 14:33:14',1),(170,'Cell',152,'insert',NULL,NULL,NULL,'2019-09-26 14:33:14',1),(171,'Cell',153,'insert',NULL,NULL,NULL,'2019-09-26 14:33:14',1),(172,'Cell',154,'insert',NULL,NULL,NULL,'2019-09-26 14:33:14',1),(173,'Cell',155,'insert',NULL,NULL,NULL,'2019-09-26 14:33:15',1),(174,'Cell',156,'insert',NULL,NULL,NULL,'2019-09-26 14:33:15',1),(175,'Cell',157,'insert',NULL,NULL,NULL,'2019-09-26 14:33:15',1),(176,'Cell',158,'insert',NULL,NULL,NULL,'2019-09-26 14:33:15',1),(177,'Cell',159,'insert',NULL,NULL,NULL,'2019-09-26 14:33:15',1),(178,'Cell',160,'insert',NULL,NULL,NULL,'2019-09-26 14:33:15',1),(179,'Cell',161,'insert',NULL,NULL,NULL,'2019-09-26 14:33:15',1),(180,'Cell',162,'insert',NULL,NULL,NULL,'2019-09-26 14:33:15',1),(181,'Cell',163,'insert',NULL,NULL,NULL,'2019-09-26 14:33:15',1),(182,'Cell',164,'insert',NULL,NULL,NULL,'2019-09-26 14:33:15',1),(183,'Cell',165,'insert',NULL,NULL,NULL,'2019-09-26 14:33:15',1),(184,'Cell',166,'insert',NULL,NULL,NULL,'2019-09-26 14:33:15',1),(185,'Cell',167,'insert',NULL,NULL,NULL,'2019-09-26 14:33:15',1),(186,'Cell',168,'insert',NULL,NULL,NULL,'2019-09-26 14:33:15',1),(187,'Cell',169,'insert',NULL,NULL,NULL,'2019-09-26 14:33:15',1),(188,'Cell',140,'update','value','776.58','776.57832','2019-09-26 14:33:15',1),(189,'Cell',141,'update','value','5967.46','5967.45832','2019-09-26 14:33:15',1),(190,'Cell',142,'update','value','-2456.00','-2455.99832','2019-09-26 14:33:15',1),(191,'Cell',147,'update','value','980.62','980.6151','2019-09-26 14:33:15',1),(192,'Cell',150,'update','value','2752.83','2752.8251','2019-09-26 14:33:15',1),(193,'Cell',154,'update','value','776.00','776.00376','2019-09-26 14:33:15',1),(194,'Cell',155,'update','value','5952.68','5952.68376','2019-09-26 14:33:16',1),(195,'Cell',156,'update','value','23823.08','23823.08114','2019-09-26 14:33:16',1),(196,'Cell',170,'insert',NULL,NULL,NULL,'2019-09-26 14:33:16',1),(197,'Cell',171,'insert',NULL,NULL,NULL,'2019-09-26 14:33:16',1),(198,'Cell',172,'insert',NULL,NULL,NULL,'2019-09-26 14:33:16',1),(199,'Cell',173,'insert',NULL,NULL,NULL,'2019-09-26 14:33:16',1),(200,'Cell',174,'insert',NULL,NULL,NULL,'2019-09-26 14:33:16',1),(201,'Cell',175,'insert',NULL,NULL,NULL,'2019-09-26 14:33:16',1),(202,'Cell',176,'insert',NULL,NULL,NULL,'2019-09-26 14:33:16',1),(203,'Cell',177,'insert',NULL,NULL,NULL,'2019-09-26 14:33:16',1),(204,'Cell',178,'insert',NULL,NULL,NULL,'2019-09-26 14:33:16',1),(205,'Cell',179,'insert',NULL,NULL,NULL,'2019-09-26 14:33:16',1),(206,'Cell',180,'insert',NULL,NULL,NULL,'2019-09-26 14:33:16',1),(207,'Cell',181,'insert',NULL,NULL,NULL,'2019-09-26 14:33:16',1),(208,'Cell',182,'insert',NULL,NULL,NULL,'2019-09-26 14:33:16',1),(209,'Cell',183,'insert',NULL,NULL,NULL,'2019-09-26 14:33:16',1),(210,'Cell',184,'insert',NULL,NULL,NULL,'2019-09-26 14:33:16',1),(211,'Cell',185,'insert',NULL,NULL,NULL,'2019-09-26 14:33:16',1),(212,'Cell',186,'insert',NULL,NULL,NULL,'2019-09-26 14:33:16',1),(213,'Cell',187,'insert',NULL,NULL,NULL,'2019-09-26 14:33:16',1),(214,'Cell',188,'insert',NULL,NULL,NULL,'2019-09-26 14:33:16',1),(215,'Cell',189,'insert',NULL,NULL,NULL,'2019-09-26 14:33:16',1),(216,'Cell',190,'insert',NULL,NULL,NULL,'2019-09-26 14:33:16',1),(217,'Cell',191,'insert',NULL,NULL,NULL,'2019-09-26 14:33:16',1),(218,'Cell',192,'insert',NULL,NULL,NULL,'2019-09-26 14:33:34',1),(219,'Cell',193,'insert',NULL,NULL,NULL,'2019-09-26 14:33:34',1),(220,'Cell',194,'insert',NULL,NULL,NULL,'2019-09-26 14:33:34',1),(221,'Cell',195,'insert',NULL,NULL,NULL,'2019-09-26 14:33:34',1),(222,'Cell',196,'insert',NULL,NULL,NULL,'2019-09-26 14:33:34',1),(223,'Cell',197,'insert',NULL,NULL,NULL,'2019-09-26 14:33:34',1),(224,'Cell',198,'insert',NULL,NULL,NULL,'2019-09-26 14:33:34',1),(225,'Cell',199,'insert',NULL,NULL,NULL,'2019-09-26 14:33:34',1),(226,'Cell',200,'insert',NULL,NULL,NULL,'2019-09-26 14:33:34',1),(227,'Cell',201,'insert',NULL,NULL,NULL,'2019-09-26 14:33:34',1),(228,'Cell',202,'insert',NULL,NULL,NULL,'2019-09-26 14:33:34',1),(229,'Cell',203,'insert',NULL,NULL,NULL,'2019-09-26 14:33:34',1),(230,'Cell',120,'update','value','20640.00','38160','2019-09-26 14:33:34',1),(231,'Cell',121,'update','value','20640.00','38160','2019-09-26 14:33:34',1),(232,'Cell',122,'update','value','825.60','1526.4','2019-09-26 14:33:34',1),(233,'Cell',123,'update','value','115.44','173.16','2019-09-26 14:33:34',1),(234,'Cell',143,'update','value','82.81','487.62','2019-09-26 14:33:34',1),(235,'Cell',124,'update','value','1023.85','2187.18','2019-09-26 14:33:34',1),(236,'Cell',125,'update','value','68.82','103.23','2019-09-26 14:33:34',1),(237,'Cell',126,'update','value','10.76','16.14','2019-09-26 14:33:34',1),(238,'Cell',127,'update','value','10886.32','16071.82','2019-09-26 14:33:34',1),(239,'Cell',128,'update','value','1556.04','2332.62','2019-09-26 14:33:34',1),(240,'Cell',129,'update','value','12453.12','18420.58','2019-09-26 14:33:34',1),(241,'Cell',130,'update','value','7094.21','17449.01','2019-09-26 14:33:34',1),(242,'Cell',201,'update','value','776.58','776.57832','2019-09-26 14:33:35',1),(243,'Cell',202,'update','value','5967.46','5967.45832','2019-09-26 14:33:35',1),(244,'Cell',203,'update','value','10354.80','10354.80168','2019-09-26 14:33:35',1),(245,'Cell',204,'insert',NULL,NULL,NULL,'2019-09-26 14:33:35',1),(246,'Cell',205,'insert',NULL,NULL,NULL,'2019-09-26 14:33:35',1),(247,'Cell',206,'insert',NULL,NULL,NULL,'2019-09-26 14:33:35',1),(248,'Cell',207,'insert',NULL,NULL,NULL,'2019-09-26 14:33:35',1),(249,'Cell',208,'insert',NULL,NULL,NULL,'2019-09-26 14:33:35',1),(250,'Cell',209,'insert',NULL,NULL,NULL,'2019-09-26 14:33:35',1),(251,'Cell',210,'insert',NULL,NULL,NULL,'2019-09-26 14:33:35',1),(252,'Cell',211,'insert',NULL,NULL,NULL,'2019-09-26 14:33:35',1),(253,'Cell',212,'insert',NULL,NULL,NULL,'2019-09-26 14:33:35',1),(254,'Cell',213,'insert',NULL,NULL,NULL,'2019-09-26 14:33:35',1),(255,'Cell',214,'insert',NULL,NULL,NULL,'2019-09-26 14:33:35',1),(256,'Cell',215,'insert',NULL,NULL,NULL,'2019-09-26 14:33:35',1),(257,'Cell',157,'update','value','32687.17','37907.17','2019-09-26 14:33:35',1),(258,'Cell',158,'update','value','32687.17','38805.3','2019-09-26 14:33:35',1),(259,'Cell',160,'update','value','980.62','1164.16','2019-09-26 14:33:35',1),(260,'Cell',161,'update','value','57.72','115.44','2019-09-26 14:33:35',1),(261,'Cell',162,'update','value','1714.49','2924.73','2019-09-26 14:33:35',1),(262,'Cell',163,'update','value','2752.83','4204.33','2019-09-26 14:33:35',1),(263,'Cell',164,'update','value','34.41','68.82','2019-09-26 14:33:35',1),(264,'Cell',165,'update','value','5.38','10.76','2019-09-26 14:33:35',1),(265,'Cell',166,'update','value','5171.30','9669.52','2019-09-26 14:33:35',1),(266,'Cell',167,'update','value','776.00','1552','2019-09-26 14:33:35',1),(267,'Cell',168,'update','value','5952.68','11232.28','2019-09-26 14:33:35',1),(268,'Cell',169,'update','value','23823.08','23175.69','2019-09-26 14:33:35',1),(269,'Cell',201,'update','value','776.58','776.57832','2019-09-26 14:33:36',1),(270,'Cell',202,'update','value','5967.46','5967.45832','2019-09-26 14:33:36',1),(271,'Cell',203,'update','value','10354.80','10354.80168','2019-09-26 14:33:36',1),(272,'Cell',206,'update','value','183.54','183.5439','2019-09-26 14:33:36',1),(273,'Cell',209,'update','value','1451.50','1451.5039','2019-09-26 14:33:36',1),(274,'Cell',213,'update','value','776.00','776.00376','2019-09-26 14:33:36',1),(275,'Cell',214,'update','value','5279.60','5279.60376','2019-09-26 14:33:36',1),(276,'Cell',215,'update','value','-647.39','-647.38766','2019-09-26 14:33:36',1),(277,'Cell',216,'insert',NULL,NULL,NULL,'2019-09-26 14:33:36',1),(278,'Cell',217,'insert',NULL,NULL,NULL,'2019-09-26 14:33:36',1),(279,'Cell',218,'insert',NULL,NULL,NULL,'2019-09-26 14:33:36',1),(280,'Cell',219,'insert',NULL,NULL,NULL,'2019-09-26 14:33:36',1),(281,'Cell',220,'insert',NULL,NULL,NULL,'2019-09-26 14:33:36',1),(282,'Cell',221,'insert',NULL,NULL,NULL,'2019-09-26 14:33:36',1),(283,'Cell',222,'insert',NULL,NULL,NULL,'2019-09-26 14:33:36',1),(284,'Cell',223,'insert',NULL,NULL,NULL,'2019-09-26 14:33:36',1),(285,'Cell',224,'insert',NULL,NULL,NULL,'2019-09-26 14:33:36',1),(286,'Cell',225,'insert',NULL,NULL,NULL,'2019-09-26 14:33:36',1),(287,'Cell',181,'update','value','20145.00','22185','2019-09-26 14:33:36',1),(288,'Cell',182,'update','value','20145.00','22185','2019-09-26 14:33:36',1),(289,'Cell',183,'update','value','57.72','115.44','2019-09-26 14:33:36',1),(290,'Cell',185,'update','value','379.72','437.44','2019-09-26 14:33:36',1),(291,'Cell',186,'update','value','34.41','68.82','2019-09-26 14:33:36',1),(292,'Cell',187,'update','value','5.38','10.76','2019-09-26 14:33:37',1),(293,'Cell',188,'update','value','5095.87','10745','2019-09-26 14:33:37',1),(294,'Cell',189,'update','value','756.46','1596.48','2019-09-26 14:33:37',1),(295,'Cell',190,'update','value','5857.71','12352.24','2019-09-26 14:33:37',1),(296,'Cell',191,'update','value','13873.16','9326.5','2019-09-26 14:33:37',1),(297,'Cell',226,'insert',NULL,NULL,NULL,'2019-09-26 14:34:30',1),(298,'Cell',227,'insert',NULL,NULL,NULL,'2019-09-26 14:34:30',1),(299,'Cell',228,'insert',NULL,NULL,NULL,'2019-09-26 14:34:30',1),(300,'Cell',229,'insert',NULL,NULL,NULL,'2019-09-26 14:34:30',1),(301,'Cell',230,'insert',NULL,NULL,NULL,'2019-09-26 14:34:30',1),(302,'Cell',231,'insert',NULL,NULL,NULL,'2019-09-26 14:34:30',1),(303,'Cell',232,'insert',NULL,NULL,NULL,'2019-09-26 14:34:30',1),(304,'Cell',233,'insert',NULL,NULL,NULL,'2019-09-26 14:34:30',1),(305,'Cell',234,'insert',NULL,NULL,NULL,'2019-09-26 14:34:30',1),(306,'Cell',235,'insert',NULL,NULL,NULL,'2019-09-26 14:34:30',1),(307,'Cell',236,'insert',NULL,NULL,NULL,'2019-09-26 14:34:30',1),(308,'Cell',237,'insert',NULL,NULL,NULL,'2019-09-26 14:34:30',1),(309,'Cell',120,'update','value','38160.00','30480','2019-09-26 14:34:30',1),(310,'Cell',121,'update','value','38160.00','30480','2019-09-26 14:34:30',1),(311,'Cell',122,'update','value','1526.40','1219.2','2019-09-26 14:34:30',1),(312,'Cell',123,'update','value','173.16','230.88','2019-09-26 14:34:30',1),(313,'Cell',143,'update','value','487.62','892.43','2019-09-26 14:34:30',1),(314,'Cell',124,'update','value','2187.18','2342.51','2019-09-26 14:34:30',1),(315,'Cell',125,'update','value','103.23','137.64','2019-09-26 14:34:30',1),(316,'Cell',126,'update','value','16.14','21.52','2019-09-26 14:34:30',1),(317,'Cell',127,'update','value','16071.82','21257.32','2019-09-26 14:34:30',1),(318,'Cell',128,'update','value','2332.62','3109.2','2019-09-26 14:34:31',1),(319,'Cell',129,'update','value','18420.58','24388.04','2019-09-26 14:34:31',1),(320,'Cell',130,'update','value','17449.01','3611.81','2019-09-26 14:34:31',1),(321,'Cell',235,'update','value','776.58','776.57832','2019-09-26 14:34:31',1),(322,'Cell',236,'update','value','5967.46','5967.45832','2019-09-26 14:34:31',1),(323,'Cell',237,'update','value','-13837.20','-13837.19832','2019-09-26 14:34:31',1),(324,'Cell',238,'insert',NULL,NULL,NULL,'2019-09-26 14:34:31',1),(325,'Cell',239,'insert',NULL,NULL,NULL,'2019-09-26 14:34:31',1),(326,'Cell',240,'insert',NULL,NULL,NULL,'2019-09-26 14:34:31',1),(327,'Cell',241,'insert',NULL,NULL,NULL,'2019-09-26 14:34:31',1),(328,'Cell',242,'insert',NULL,NULL,NULL,'2019-09-26 14:34:31',1),(329,'Cell',243,'insert',NULL,NULL,NULL,'2019-09-26 14:34:31',1),(330,'Cell',244,'insert',NULL,NULL,NULL,'2019-09-26 14:34:31',1),(331,'Cell',245,'insert',NULL,NULL,NULL,'2019-09-26 14:34:31',1),(332,'Cell',246,'insert',NULL,NULL,NULL,'2019-09-26 14:34:31',1),(333,'Cell',247,'insert',NULL,NULL,NULL,'2019-09-26 14:34:31',1),(334,'Cell',248,'insert',NULL,NULL,NULL,'2019-09-26 14:34:31',1),(335,'Cell',158,'update','value','38805.30','37907.17','2019-09-26 14:34:31',1),(336,'Cell',160,'update','value','1164.16','1137.22','2019-09-26 14:34:31',1),(337,'Cell',161,'update','value','115.44','173.16','2019-09-26 14:34:31',1),(338,'Cell',162,'update','value','2924.73','4574.17','2019-09-26 14:34:31',1),(339,'Cell',163,'update','value','4204.33','5884.55','2019-09-26 14:34:31',1),(340,'Cell',164,'update','value','68.82','103.23','2019-09-26 14:34:31',1),(341,'Cell',165,'update','value','10.76','16.14','2019-09-26 14:34:31',1),(342,'Cell',166,'update','value','9669.52','14933.19','2019-09-26 14:34:31',1),(343,'Cell',167,'update','value','1552.00','2332.19','2019-09-26 14:34:32',1),(344,'Cell',168,'update','value','11232.28','17281.52','2019-09-26 14:34:32',1),(345,'Cell',169,'update','value','23175.69','14513.69','2019-09-26 14:34:32',1),(346,'Cell',235,'update','value','776.58','776.57832','2019-09-26 14:34:32',1),(347,'Cell',236,'update','value','5967.46','5967.45832','2019-09-26 14:34:32',1),(348,'Cell',237,'update','value','-13837.20','-13837.19832','2019-09-26 14:34:32',1),(349,'Cell',239,'update','value','-26.94','-26.9439','2019-09-26 14:34:32',1),(350,'Cell',242,'update','value','1680.22','1680.2161','2019-09-26 14:34:32',1),(351,'Cell',246,'update','value','780.19','780.19416','2019-09-26 14:34:32',1),(352,'Cell',247,'update','value','6049.24','6049.24416','2019-09-26 14:34:32',1),(353,'Cell',248,'update','value','-8662.00','-8662.00026','2019-09-26 14:34:32',1),(354,'Cell',249,'insert',NULL,NULL,NULL,'2019-09-26 14:34:32',1),(355,'Cell',250,'insert',NULL,NULL,NULL,'2019-09-26 14:34:32',1),(356,'Cell',251,'insert',NULL,NULL,NULL,'2019-09-26 14:34:32',1),(357,'Cell',252,'insert',NULL,NULL,NULL,'2019-09-26 14:34:32',1),(358,'Cell',253,'insert',NULL,NULL,NULL,'2019-09-26 14:34:32',1),(359,'Cell',254,'insert',NULL,NULL,NULL,'2019-09-26 14:34:32',1),(360,'Cell',255,'insert',NULL,NULL,NULL,'2019-09-26 14:34:32',1),(361,'Cell',256,'insert',NULL,NULL,NULL,'2019-09-26 14:34:32',1),(362,'Cell',257,'insert',NULL,NULL,NULL,'2019-09-26 14:34:32',1),(363,'Cell',183,'update','value','115.44','173.16','2019-09-26 14:34:33',1),(364,'Cell',184,'update','value','322.00','203.14','2019-09-26 14:34:33',1),(365,'Cell',185,'update','value','437.44','376.3','2019-09-26 14:34:33',1),(366,'Cell',186,'update','value','68.82','103.23','2019-09-26 14:34:33',1),(367,'Cell',187,'update','value','10.76','16.14','2019-09-26 14:34:33',1),(368,'Cell',188,'update','value','10745.00','15419.42','2019-09-26 14:34:33',1),(369,'Cell',189,'update','value','1596.48','2288.43','2019-09-26 14:34:33',1),(370,'Cell',190,'update','value','12352.24','17723.99','2019-09-26 14:34:33',1),(371,'Cell',191,'update','value','9326.50','3981.48','2019-09-26 14:34:33',1),(372,'Cell',258,'insert',NULL,NULL,NULL,'2019-09-26 14:34:40',1),(373,'Cell',259,'insert',NULL,NULL,NULL,'2019-09-26 14:34:40',1),(374,'Cell',260,'insert',NULL,NULL,NULL,'2019-09-26 14:34:40',1),(375,'Cell',261,'insert',NULL,NULL,NULL,'2019-09-26 14:34:40',1),(376,'Cell',262,'insert',NULL,NULL,NULL,'2019-09-26 14:34:40',1),(377,'Cell',263,'insert',NULL,NULL,NULL,'2019-09-26 14:34:40',1),(378,'Cell',264,'insert',NULL,NULL,NULL,'2019-09-26 14:34:40',1),(379,'Cell',265,'insert',NULL,NULL,NULL,'2019-09-26 14:34:40',1),(380,'Cell',266,'insert',NULL,NULL,NULL,'2019-09-26 14:34:40',1),(381,'Cell',267,'insert',NULL,NULL,NULL,'2019-09-26 14:34:40',1),(382,'Cell',268,'insert',NULL,NULL,NULL,'2019-09-26 14:34:40',1),(383,'Cell',120,'update','value','30480.00','39120','2019-09-26 14:34:40',1),(384,'Cell',121,'update','value','30480.00','39120','2019-09-26 14:34:40',1),(385,'Cell',122,'update','value','1219.20','1564.8','2019-09-26 14:34:40',1),(386,'Cell',123,'update','value','230.88','288.6','2019-09-26 14:34:40',1),(387,'Cell',124,'update','value','2342.51','2745.83','2019-09-26 14:34:40',1),(388,'Cell',125,'update','value','137.64','172.05','2019-09-26 14:34:40',1),(389,'Cell',126,'update','value','21.52','26.9','2019-09-26 14:34:40',1),(390,'Cell',127,'update','value','21257.32','26958.14','2019-09-26 14:34:40',1),(391,'Cell',128,'update','value','3109.20','3888.66','2019-09-26 14:34:40',1),(392,'Cell',129,'update','value','24388.04','30873.7','2019-09-26 14:34:40',1),(393,'Cell',130,'update','value','3611.81','5328.42','2019-09-26 14:34:40',1),(394,'Cell',266,'update','value','779.46','779.45544','2019-09-26 14:34:41',1),(395,'Cell',267,'update','value','6485.66','6485.65544','2019-09-26 14:34:41',1),(396,'Cell',268,'update','value','1716.61','1716.61456','2019-09-26 14:34:41',1),(397,'Cell',269,'insert',NULL,NULL,NULL,'2019-09-26 14:34:41',1),(398,'Cell',270,'insert',NULL,NULL,NULL,'2019-09-26 14:34:41',1),(399,'Cell',271,'insert',NULL,NULL,NULL,'2019-09-26 14:34:41',1),(400,'Cell',272,'insert',NULL,NULL,NULL,'2019-09-26 14:34:41',1),(401,'Cell',273,'insert',NULL,NULL,NULL,'2019-09-26 14:34:41',1),(402,'Cell',274,'insert',NULL,NULL,NULL,'2019-09-26 14:34:41',1),(403,'Cell',275,'insert',NULL,NULL,NULL,'2019-09-26 14:34:41',1),(404,'Cell',276,'insert',NULL,NULL,NULL,'2019-09-26 14:34:41',1),(405,'Cell',277,'insert',NULL,NULL,NULL,'2019-09-26 14:34:41',1),(406,'Cell',278,'insert',NULL,NULL,NULL,'2019-09-26 14:34:41',1),(407,'Cell',279,'insert',NULL,NULL,NULL,'2019-09-26 14:34:41',1),(408,'Cell',280,'insert',NULL,NULL,NULL,'2019-09-26 14:34:41',1),(409,'Cell',157,'update','value','37907.17','47767.17','2019-09-26 14:34:41',1),(410,'Cell',158,'update','value','37907.17','47767.17','2019-09-26 14:34:41',1),(411,'Cell',160,'update','value','1137.22','1433.02','2019-09-26 14:34:41',1),(412,'Cell',161,'update','value','173.16','230.88','2019-09-26 14:34:41',1),(413,'Cell',162,'update','value','4574.17','5997.62','2019-09-26 14:34:41',1),(414,'Cell',163,'update','value','5884.55','7661.52','2019-09-26 14:34:41',1),(415,'Cell',164,'update','value','103.23','137.64','2019-09-26 14:34:41',1),(416,'Cell',165,'update','value','16.14','21.52','2019-09-26 14:34:41',1),(417,'Cell',166,'update','value','14933.19','20044.75','2019-09-26 14:34:41',1),(418,'Cell',167,'update','value','2332.19','3099.04','2019-09-26 14:34:41',1),(419,'Cell',168,'update','value','17281.52','23165.31','2019-09-26 14:34:41',1),(420,'Cell',169,'update','value','14513.69','16678.52','2019-09-26 14:34:41',1),(421,'Cell',266,'update','value','779.46','779.45544','2019-09-26 14:34:42',1),(422,'Cell',267,'update','value','6485.66','6485.65544','2019-09-26 14:34:42',1),(423,'Cell',268,'update','value','1716.61','1716.61456','2019-09-26 14:34:42',1),(424,'Cell',278,'update','value','766.85','766.854','2019-09-26 14:34:42',1),(425,'Cell',279,'update','value','5883.79','5883.794','2019-09-26 14:34:42',1),(426,'Cell',280,'update','value','2164.83','2164.826','2019-09-26 14:34:42',1),(427,'Cell',281,'insert',NULL,NULL,NULL,'2019-09-26 14:34:42',1),(428,'Cell',282,'insert',NULL,NULL,NULL,'2019-09-26 14:34:42',1),(429,'Cell',283,'insert',NULL,NULL,NULL,'2019-09-26 14:34:42',1),(430,'Cell',284,'insert',NULL,NULL,NULL,'2019-09-26 14:34:42',1),(431,'Cell',285,'insert',NULL,NULL,NULL,'2019-09-26 14:34:42',1),(432,'Cell',286,'insert',NULL,NULL,NULL,'2019-09-26 14:34:42',1),(433,'Cell',287,'insert',NULL,NULL,NULL,'2019-09-26 14:34:42',1),(434,'Cell',288,'insert',NULL,NULL,NULL,'2019-09-26 14:34:42',1),(435,'Cell',289,'insert',NULL,NULL,NULL,'2019-09-26 14:34:42',1),(436,'Cell',290,'insert',NULL,NULL,NULL,'2019-09-26 14:34:42',1),(437,'Cell',291,'insert',NULL,NULL,NULL,'2019-09-26 14:34:42',1),(438,'Cell',181,'update','value','22185.00','30855','2019-09-26 14:34:43',1),(439,'Cell',182,'update','value','22185.00','30855','2019-09-26 14:34:43',1),(440,'Cell',183,'update','value','173.16','230.88','2019-09-26 14:34:43',1),(441,'Cell',184,'update','value','203.14','525.14','2019-09-26 14:34:43',1),(442,'Cell',185,'update','value','376.30','756.02','2019-09-26 14:34:43',1),(443,'Cell',186,'update','value','103.23','137.64','2019-09-26 14:34:43',1),(444,'Cell',187,'update','value','16.14','21.52','2019-09-26 14:34:43',1),(445,'Cell',188,'update','value','15419.42','20417.01','2019-09-26 14:34:43',1),(446,'Cell',189,'update','value','2288.43','3032.8','2019-09-26 14:34:43',1),(447,'Cell',190,'update','value','17723.99','23471.33','2019-09-26 14:34:43',1),(448,'Cell',191,'update','value','3981.48','6490.01','2019-09-26 14:34:43',1),(449,'Cell',292,'insert',NULL,NULL,NULL,'2019-09-26 14:34:48',1),(450,'Cell',293,'insert',NULL,NULL,NULL,'2019-09-26 14:34:48',1),(451,'Cell',294,'insert',NULL,NULL,NULL,'2019-09-26 14:34:48',1),(452,'Cell',295,'insert',NULL,NULL,NULL,'2019-09-26 14:34:48',1),(453,'Cell',296,'insert',NULL,NULL,NULL,'2019-09-26 14:34:48',1),(454,'Cell',297,'insert',NULL,NULL,NULL,'2019-09-26 14:34:48',1),(455,'Cell',298,'insert',NULL,NULL,NULL,'2019-09-26 14:34:48',1),(456,'Cell',299,'insert',NULL,NULL,NULL,'2019-09-26 14:34:48',1),(457,'Cell',300,'insert',NULL,NULL,NULL,'2019-09-26 14:34:48',1),(458,'Cell',301,'insert',NULL,NULL,NULL,'2019-09-26 14:34:48',1),(459,'Cell',302,'insert',NULL,NULL,NULL,'2019-09-26 14:34:48',1),(460,'Cell',120,'update','value','39120.00','45120','2019-09-26 14:34:48',1),(461,'Cell',121,'update','value','39120.00','45120','2019-09-26 14:34:48',1),(462,'Cell',122,'update','value','1564.80','1804.8','2019-09-26 14:34:48',1),(463,'Cell',123,'update','value','288.60','346.32','2019-09-26 14:34:48',1),(464,'Cell',124,'update','value','2745.83','3043.55','2019-09-26 14:34:48',1),(465,'Cell',125,'update','value','172.05','206.46','2019-09-26 14:34:48',1),(466,'Cell',126,'update','value','26.90','32.28','2019-09-26 14:34:48',1),(467,'Cell',127,'update','value','26958.14','36297.71','2019-09-26 14:34:48',1),(468,'Cell',128,'update','value','3888.66','5231.1','2019-09-26 14:34:48',1),(469,'Cell',129,'update','value','30873.70','41561.09','2019-09-26 14:34:48',1),(470,'Cell',130,'update','value','5328.42','308.9','2019-09-26 14:34:48',1),(471,'Cell',300,'update','value','1342.44','1342.44432','2019-09-26 14:34:48',1),(472,'Cell',301,'update','value','10687.39','10687.39432','2019-09-26 14:34:48',1),(473,'Cell',302,'update','value','-5019.52','-5019.52432','2019-09-26 14:34:48',1),(474,'Cell',303,'insert',NULL,NULL,NULL,'2019-09-26 14:34:48',1),(475,'Cell',304,'insert',NULL,NULL,NULL,'2019-09-26 14:34:48',1),(476,'Cell',305,'insert',NULL,NULL,NULL,'2019-09-26 14:34:49',1),(477,'Cell',306,'insert',NULL,NULL,NULL,'2019-09-26 14:34:49',1),(478,'Cell',307,'insert',NULL,NULL,NULL,'2019-09-26 14:34:49',1),(479,'Cell',308,'insert',NULL,NULL,NULL,'2019-09-26 14:34:49',1),(480,'Cell',309,'insert',NULL,NULL,NULL,'2019-09-26 14:34:49',1),(481,'Cell',310,'insert',NULL,NULL,NULL,'2019-09-26 14:34:49',1),(482,'Cell',311,'insert',NULL,NULL,NULL,'2019-09-26 14:34:49',1),(483,'Cell',312,'insert',NULL,NULL,NULL,'2019-09-26 14:34:49',1),(484,'Cell',313,'insert',NULL,NULL,NULL,'2019-09-26 14:34:49',1),(485,'Cell',157,'update','value','47767.17','57047.17','2019-09-26 14:34:49',1),(486,'Cell',158,'update','value','47767.17','57047.17','2019-09-26 14:34:49',1),(487,'Cell',160,'update','value','1433.02','1711.42','2019-09-26 14:34:49',1),(488,'Cell',161,'update','value','230.88','288.6','2019-09-26 14:34:49',1),(489,'Cell',163,'update','value','7661.52','7997.64','2019-09-26 14:34:49',1),(490,'Cell',164,'update','value','137.64','172.05','2019-09-26 14:34:49',1),(491,'Cell',165,'update','value','21.52','26.9','2019-09-26 14:34:49',1),(492,'Cell',166,'update','value','20044.75','25157.73','2019-09-26 14:34:49',1),(493,'Cell',167,'update','value','3099.04','3865.89','2019-09-26 14:34:49',1),(494,'Cell',168,'update','value','23165.31','29050.52','2019-09-26 14:34:49',1),(495,'Cell',169,'update','value','16678.52','19702.78','2019-09-26 14:34:49',1),(496,'Cell',300,'update','value','1342.44','1342.44432','2019-09-26 14:34:49',1),(497,'Cell',301,'update','value','10687.39','10687.39432','2019-09-26 14:34:49',1),(498,'Cell',302,'update','value','-5019.52','-5019.52432','2019-09-26 14:34:49',1),(499,'Cell',311,'update','value','766.85','766.854','2019-09-26 14:34:50',1),(500,'Cell',312,'update','value','5885.21','5885.214','2019-09-26 14:34:50',1),(501,'Cell',313,'update','value','3024.26','3024.256','2019-09-26 14:34:50',1),(502,'Cell',314,'insert',NULL,NULL,NULL,'2019-09-26 14:34:50',1),(503,'Cell',315,'insert',NULL,NULL,NULL,'2019-09-26 14:34:50',1),(504,'Cell',316,'insert',NULL,NULL,NULL,'2019-09-26 14:34:50',1),(505,'Cell',317,'insert',NULL,NULL,NULL,'2019-09-26 14:34:50',1),(506,'Cell',318,'insert',NULL,NULL,NULL,'2019-09-26 14:34:50',1),(507,'Cell',319,'insert',NULL,NULL,NULL,'2019-09-26 14:34:50',1),(508,'Cell',320,'insert',NULL,NULL,NULL,'2019-09-26 14:34:50',1),(509,'Cell',321,'insert',NULL,NULL,NULL,'2019-09-26 14:34:50',1),(510,'Cell',322,'insert',NULL,NULL,NULL,'2019-09-26 14:34:50',1),(511,'Cell',323,'insert',NULL,NULL,NULL,'2019-09-26 14:34:50',1),(512,'Cell',181,'update','value','30855.00','41055','2019-09-26 14:34:50',1),(513,'Cell',182,'update','value','30855.00','41055','2019-09-26 14:34:50',1),(514,'Cell',183,'update','value','230.88','288.6','2019-09-26 14:34:50',1),(515,'Cell',185,'update','value','756.02','813.74','2019-09-26 14:34:50',1),(516,'Cell',186,'update','value','137.64','172.05','2019-09-26 14:34:50',1),(517,'Cell',187,'update','value','21.52','26.9','2019-09-26 14:34:50',1),(518,'Cell',188,'update','value','20417.01','24533.78','2019-09-26 14:34:50',1),(519,'Cell',189,'update','value','3032.80','3632.75','2019-09-26 14:34:50',1),(520,'Cell',190,'update','value','23471.33','28193.43','2019-09-26 14:34:50',1),(521,'Cell',191,'update','value','6490.01','11875.78','2019-09-26 14:34:50',1),(522,'Cell',324,'insert',NULL,NULL,NULL,'2019-09-26 14:34:55',1),(523,'Cell',325,'insert',NULL,NULL,NULL,'2019-09-26 14:34:55',1),(524,'Cell',326,'insert',NULL,NULL,NULL,'2019-09-26 14:34:55',1),(525,'Cell',327,'insert',NULL,NULL,NULL,'2019-09-26 14:34:55',1),(526,'Cell',328,'insert',NULL,NULL,NULL,'2019-09-26 14:34:55',1),(527,'Cell',329,'insert',NULL,NULL,NULL,'2019-09-26 14:34:55',1),(528,'Cell',330,'insert',NULL,NULL,NULL,'2019-09-26 14:34:55',1),(529,'Cell',331,'insert',NULL,NULL,NULL,'2019-09-26 14:34:55',1),(530,'Cell',123,'update','value','346.32','404.04','2019-09-26 14:34:55',1),(531,'Cell',124,'update','value','3043.55','3101.27','2019-09-26 14:34:55',1),(532,'Cell',125,'update','value','206.46','240.87','2019-09-26 14:34:55',1),(533,'Cell',126,'update','value','32.28','37.66','2019-09-26 14:34:55',1),(534,'Cell',127,'update','value','36297.71','43046.21','2019-09-26 14:34:55',1),(535,'Cell',128,'update','value','5231.10','6021.45','2019-09-26 14:34:55',1),(536,'Cell',129,'update','value','41561.09','49105.32','2019-09-26 14:34:55',1),(537,'Cell',130,'update','value','308.90','-7327.46','2019-09-26 14:34:55',1),(538,'Cell',329,'update','value','790.35','790.3548','2019-09-26 14:34:56',1),(539,'Cell',330,'update','value','7544.23','7544.2348','2019-09-26 14:34:56',1),(540,'Cell',331,'update','value','-7636.36','-7636.3648','2019-09-26 14:34:56',1),(541,'Cell',332,'insert',NULL,NULL,NULL,'2019-09-26 14:34:56',1),(542,'Cell',333,'insert',NULL,NULL,NULL,'2019-09-26 14:34:56',1),(543,'Cell',334,'insert',NULL,NULL,NULL,'2019-09-26 14:34:56',1),(544,'Cell',335,'insert',NULL,NULL,NULL,'2019-09-26 14:34:56',1),(545,'Cell',336,'insert',NULL,NULL,NULL,'2019-09-26 14:34:56',1),(546,'Cell',337,'insert',NULL,NULL,NULL,'2019-09-26 14:34:56',1),(547,'Cell',338,'insert',NULL,NULL,NULL,'2019-09-26 14:34:56',1),(548,'Cell',339,'insert',NULL,NULL,NULL,'2019-09-26 14:34:56',1),(549,'Cell',161,'update','value','288.60','346.32','2019-09-26 14:34:56',1),(550,'Cell',163,'update','value','7997.64','8055.36','2019-09-26 14:34:56',1),(551,'Cell',164,'update','value','172.05','206.46','2019-09-26 14:34:56',1),(552,'Cell',165,'update','value','26.90','32.28','2019-09-26 14:34:56',1),(553,'Cell',166,'update','value','25157.73','29991','2019-09-26 14:34:56',1),(554,'Cell',167,'update','value','3865.89','4632.74','2019-09-26 14:34:56',1),(555,'Cell',168,'update','value','29050.52','34656.02','2019-09-26 14:34:56',1),(556,'Cell',169,'update','value','19702.78','14005.15','2019-09-26 14:34:56',1),(557,'Cell',329,'update','value','790.35','790.3548','2019-09-26 14:34:56',1),(558,'Cell',330,'update','value','7544.23','7544.2348','2019-09-26 14:34:56',1),(559,'Cell',331,'update','value','-7636.36','-7636.3648','2019-09-26 14:34:56',1),(560,'Cell',337,'update','value','766.85','766.854','2019-09-26 14:34:57',1),(561,'Cell',338,'update','value','5605.50','5605.504','2019-09-26 14:34:57',1),(562,'Cell',339,'update','value','-5697.63','-5697.634','2019-09-26 14:34:57',1),(563,'Cell',340,'insert',NULL,NULL,NULL,'2019-09-26 14:34:57',1),(564,'Cell',341,'insert',NULL,NULL,NULL,'2019-09-26 14:34:57',1),(565,'Cell',342,'insert',NULL,NULL,NULL,'2019-09-26 14:34:57',1),(566,'Cell',343,'insert',NULL,NULL,NULL,'2019-09-26 14:34:57',1),(567,'Cell',344,'insert',NULL,NULL,NULL,'2019-09-26 14:34:57',1),(568,'Cell',345,'insert',NULL,NULL,NULL,'2019-09-26 14:34:57',1),(569,'Cell',346,'insert',NULL,NULL,NULL,'2019-09-26 14:34:57',1),(570,'Cell',347,'insert',NULL,NULL,NULL,'2019-09-26 14:34:57',1),(571,'Cell',183,'update','value','288.60','346.32','2019-09-26 14:34:57',1),(572,'Cell',185,'update','value','813.74','871.46','2019-09-26 14:34:57',1),(573,'Cell',186,'update','value','172.05','206.46','2019-09-26 14:34:57',1),(574,'Cell',187,'update','value','26.90','32.28','2019-09-26 14:34:57',1),(575,'Cell',188,'update','value','24533.78','30940.65','2019-09-26 14:34:57',1),(576,'Cell',189,'update','value','3632.75','4455.55','2019-09-26 14:34:57',1),(577,'Cell',190,'update','value','28193.43','35428.48','2019-09-26 14:34:57',1),(578,'Cell',191,'update','value','11875.78','4548.6','2019-09-26 14:34:57',1),(579,'Cell',348,'insert',NULL,NULL,NULL,'2019-09-26 14:35:01',1),(580,'Cell',349,'insert',NULL,NULL,NULL,'2019-09-26 14:35:01',1),(581,'Cell',350,'insert',NULL,NULL,NULL,'2019-09-26 14:35:01',1),(582,'Cell',351,'insert',NULL,NULL,NULL,'2019-09-26 14:35:01',1),(583,'Cell',352,'insert',NULL,NULL,NULL,'2019-09-26 14:35:01',1),(584,'Cell',353,'insert',NULL,NULL,NULL,'2019-09-26 14:35:01',1),(585,'Cell',354,'insert',NULL,NULL,NULL,'2019-09-26 14:35:01',1),(586,'Cell',355,'insert',NULL,NULL,NULL,'2019-09-26 14:35:01',1),(587,'Cell',123,'update','value','404.04','461.76','2019-09-26 14:35:01',1),(588,'Cell',124,'update','value','3101.27','3158.99','2019-09-26 14:35:01',1),(589,'Cell',125,'update','value','240.87','275.28','2019-09-26 14:35:01',1),(590,'Cell',126,'update','value','37.66','43.04','2019-09-26 14:35:02',1),(591,'Cell',127,'update','value','43046.21','49794.71','2019-09-26 14:35:02',1),(592,'Cell',128,'update','value','6021.45','6811.8','2019-09-26 14:35:02',1),(593,'Cell',129,'update','value','49105.32','56649.55','2019-09-26 14:35:02',1),(594,'Cell',130,'update','value','-7327.46','-14963.82','2019-09-26 14:35:02',1),(595,'Cell',353,'update','value','790.35','790.3548','2019-09-26 14:35:02',1),(596,'Cell',354,'update','value','7544.23','7544.2348','2019-09-26 14:35:02',1),(597,'Cell',355,'update','value','-7636.36','-7636.3648','2019-09-26 14:35:02',1),(598,'Cell',356,'insert',NULL,NULL,NULL,'2019-09-26 14:35:02',1),(599,'Cell',357,'insert',NULL,NULL,NULL,'2019-09-26 14:35:02',1),(600,'Cell',358,'insert',NULL,NULL,NULL,'2019-09-26 14:35:02',1),(601,'Cell',359,'insert',NULL,NULL,NULL,'2019-09-26 14:35:02',1),(602,'Cell',360,'insert',NULL,NULL,NULL,'2019-09-26 14:35:02',1),(603,'Cell',361,'insert',NULL,NULL,NULL,'2019-09-26 14:35:02',1),(604,'Cell',362,'insert',NULL,NULL,NULL,'2019-09-26 14:35:02',1),(605,'Cell',363,'insert',NULL,NULL,NULL,'2019-09-26 14:35:02',1),(606,'Cell',161,'update','value','346.32','404.04','2019-09-26 14:35:02',1),(607,'Cell',163,'update','value','8055.36','8113.08','2019-09-26 14:35:02',1),(608,'Cell',164,'update','value','206.46','240.87','2019-09-26 14:35:02',1),(609,'Cell',165,'update','value','32.28','37.66','2019-09-26 14:35:02',1),(610,'Cell',166,'update','value','29991.00','34824.27','2019-09-26 14:35:02',1),(611,'Cell',167,'update','value','4632.74','5399.59','2019-09-26 14:35:02',1),(612,'Cell',168,'update','value','34656.02','40261.52','2019-09-26 14:35:02',1),(613,'Cell',169,'update','value','14005.15','8307.52','2019-09-26 14:35:02',1),(614,'Cell',353,'update','value','790.35','790.3548','2019-09-26 14:35:03',1),(615,'Cell',354,'update','value','7544.23','7544.2348','2019-09-26 14:35:03',1),(616,'Cell',355,'update','value','-7636.36','-7636.3648','2019-09-26 14:35:03',1),(617,'Cell',361,'update','value','766.85','766.854','2019-09-26 14:35:03',1),(618,'Cell',362,'update','value','5605.50','5605.504','2019-09-26 14:35:03',1),(619,'Cell',363,'update','value','-5697.63','-5697.634','2019-09-26 14:35:03',1),(620,'Cell',364,'insert',NULL,NULL,NULL,'2019-09-26 14:35:03',1),(621,'Cell',365,'insert',NULL,NULL,NULL,'2019-09-26 14:35:03',1),(622,'Cell',366,'insert',NULL,NULL,NULL,'2019-09-26 14:35:03',1),(623,'Cell',367,'insert',NULL,NULL,NULL,'2019-09-26 14:35:03',1),(624,'Cell',368,'insert',NULL,NULL,NULL,'2019-09-26 14:35:03',1),(625,'Cell',369,'insert',NULL,NULL,NULL,'2019-09-26 14:35:03',1),(626,'Cell',370,'insert',NULL,NULL,NULL,'2019-09-26 14:35:03',1),(627,'Cell',371,'insert',NULL,NULL,NULL,'2019-09-26 14:35:03',1),(628,'Cell',183,'update','value','346.32','404.04','2019-09-26 14:35:03',1),(629,'Cell',185,'update','value','871.46','929.18','2019-09-26 14:35:03',1),(630,'Cell',186,'update','value','206.46','240.87','2019-09-26 14:35:03',1),(631,'Cell',187,'update','value','32.28','37.66','2019-09-26 14:35:03',1),(632,'Cell',188,'update','value','30940.65','37347.52','2019-09-26 14:35:03',1),(633,'Cell',189,'update','value','4455.55','5278.35','2019-09-26 14:35:03',1),(634,'Cell',190,'update','value','35428.48','42663.53','2019-09-26 14:35:03',1),(635,'Cell',191,'update','value','4548.60','-2778.58','2019-09-26 14:35:03',1),(636,'Cell',372,'insert',NULL,NULL,NULL,'2019-09-26 14:36:54',1),(637,'Cell',373,'insert',NULL,NULL,NULL,'2019-09-26 14:37:16',1),(638,'Cell',374,'insert',NULL,NULL,NULL,'2019-09-26 14:37:16',1),(639,'Cell',375,'insert',NULL,NULL,NULL,'2019-09-26 14:37:16',1),(640,'Cell',376,'insert',NULL,NULL,NULL,'2019-09-26 14:37:35',1),(641,'Cell',157,'update','value','57047.17','57137.17','2019-09-26 14:37:35',1),(642,'Cell',372,'update','value','57047.17','57337.17','2019-09-26 14:37:38',1),(643,'Cell',376,'update','value','90.00','1','2019-09-26 14:38:21',1),(644,'Cell',157,'update','value','57137.17','57048.17','2019-09-26 14:38:21',1),(645,'Associates',35,'insert',NULL,NULL,NULL,'2019-10-04 11:09:50',1),(646,'Associates',35,'delete',NULL,NULL,NULL,'2019-10-04 11:11:54',1),(647,'Associates',36,'insert',NULL,NULL,NULL,'2019-10-04 11:12:34',1),(648,'Associates',37,'insert',NULL,NULL,NULL,'2019-10-04 11:17:20',1),(649,'Users',55,'insert',NULL,NULL,NULL,'2019-10-04 13:32:15',1),(650,'Associates',38,'insert',NULL,NULL,NULL,'2019-10-04 13:32:35',1),(651,'Associates',38,'delete',NULL,NULL,NULL,'2019-10-04 13:33:40',1),(652,'Associates',36,'delete',NULL,NULL,NULL,'2019-10-04 13:36:25',1),(653,'Cells',377,'insert',NULL,NULL,NULL,'2019-10-08 12:04:51',1),(654,'Cells',378,'insert',NULL,NULL,NULL,'2019-10-08 12:33:32',1),(655,'Cells',379,'insert',NULL,NULL,NULL,'2019-10-08 12:47:17',1),(656,'Cells',380,'insert',NULL,NULL,NULL,'2019-10-08 13:42:32',1),(657,'Cells',381,'insert',NULL,NULL,NULL,'2019-10-08 13:52:18',1),(658,'Cells',382,'insert',NULL,NULL,NULL,'2019-10-08 13:52:18',1),(659,'Cells',383,'insert',NULL,NULL,NULL,'2019-10-08 13:52:18',1),(660,'Cells',384,'insert',NULL,NULL,NULL,'2019-10-08 14:00:24',1),(661,'Cells',385,'insert',NULL,NULL,NULL,'2019-10-08 14:19:14',1),(662,'Cells',386,'insert',NULL,NULL,NULL,'2019-10-08 14:19:14',1),(663,'Cells',387,'insert',NULL,NULL,NULL,'2019-10-08 14:19:14',1),(664,'Cells',388,'insert',NULL,NULL,NULL,'2019-10-08 14:19:42',1),(665,'Cells',389,'insert',NULL,NULL,NULL,'2019-10-08 14:19:42',1),(666,'Cells',384,'update','value','30.00','162','2019-10-08 14:19:42',1),(667,'Cells',390,'insert',NULL,NULL,NULL,'2019-10-08 14:19:42',1),(668,'Cells',391,'insert',NULL,NULL,NULL,'2019-10-08 15:21:28',1),(669,'Cells',392,'insert',NULL,NULL,NULL,'2019-10-08 15:21:28',1),(670,'Cells',393,'insert',NULL,NULL,NULL,'2019-10-08 15:22:00',1),(671,'Cells',394,'insert',NULL,NULL,NULL,'2019-10-08 15:22:00',1),(672,'Cells',395,'insert',NULL,NULL,NULL,'2019-10-08 15:22:05',1),(673,'Cells',396,'insert',NULL,NULL,NULL,'2019-10-08 15:22:05',1),(674,'Associates',39,'insert',NULL,NULL,NULL,'2019-10-08 15:30:05',1),(675,'Cells',397,'insert',NULL,NULL,NULL,'2019-10-09 09:57:49',1),(676,'Cells',398,'insert',NULL,NULL,NULL,'2019-10-09 09:57:49',1),(677,'Cells',399,'insert',NULL,NULL,NULL,'2019-10-09 09:59:05',1),(678,'Cells',400,'insert',NULL,NULL,NULL,'2019-10-09 09:59:05',1),(679,'Cells',401,'insert',NULL,NULL,NULL,'2019-10-09 09:59:30',1),(680,'Cells',402,'insert',NULL,NULL,NULL,'2019-10-09 09:59:30',1),(681,'Cells',403,'insert',NULL,NULL,NULL,'2019-10-09 09:59:30',1),(682,'Cells',404,'insert',NULL,NULL,NULL,'2019-10-09 09:59:30',1),(683,'Cells',405,'insert',NULL,NULL,NULL,'2019-10-09 09:59:30',1),(684,'Cells',406,'insert',NULL,NULL,NULL,'2019-10-09 09:59:30',1),(685,'Cells',407,'insert',NULL,NULL,NULL,'2019-10-09 09:59:30',1),(686,'Cells',408,'insert',NULL,NULL,NULL,'2019-10-09 09:59:30',1),(687,'Cells',392,'update','value','13.00','53','2019-10-09 09:59:30',1),(688,'Cells',394,'update','value','1000.00','31000','2019-10-09 09:59:30',1),(689,'Cells',400,'update','value','77.69','19.06','2019-10-09 09:59:35',1),(690,'Cells',409,'insert',NULL,NULL,NULL,'2019-10-09 09:59:39',1),(691,'Cells',410,'insert',NULL,NULL,NULL,'2019-10-09 09:59:39',1),(692,'Cells',411,'insert',NULL,NULL,NULL,'2019-10-09 09:59:39',1),(693,'Cells',412,'insert',NULL,NULL,NULL,'2019-10-09 09:59:39',1),(694,'Cells',398,'update','value','1010.00','31010','2019-10-09 09:59:39',1),(695,'Cells',413,'insert',NULL,NULL,NULL,'2019-10-09 09:59:41',1),(696,'Cells',414,'insert',NULL,NULL,NULL,'2019-10-09 09:59:41',1),(697,'Cells',415,'insert',NULL,NULL,NULL,'2019-10-09 09:59:41',1),(698,'Cells',416,'insert',NULL,NULL,NULL,'2019-10-09 09:59:41',1),(699,'Cells',400,'update','value','19.06','585.09','2019-10-09 09:59:41',1),(700,'Cells',417,'insert',NULL,NULL,NULL,'2019-10-09 10:32:20',1),(701,'Cells',396,'update','value','10.00','22','2019-10-09 10:32:20',1),(702,'Cells',412,'update','value','7500.00','7512','2019-10-09 10:32:23',1),(703,'Cells',398,'update','value','31010.00','31022','2019-10-09 10:32:23',1),(704,'Cells',416,'update','value','750.00','751.2','2019-10-09 10:32:28',1),(705,'Cells',400,'update','value','585.09','585.32','2019-10-09 10:32:28',1),(706,'Cells',418,'insert',NULL,NULL,NULL,'2019-10-09 10:33:42',1),(707,'Cells',419,'insert',NULL,NULL,NULL,'2019-10-09 10:33:42',1),(708,'Cells',420,'insert',NULL,NULL,NULL,'2019-10-09 10:33:42',1),(709,'Cells',421,'insert',NULL,NULL,NULL,'2019-10-09 10:33:42',1),(710,'Cells',392,'update','value','53.00','65','2019-10-09 10:33:42',1),(711,'Cells',394,'update','value','31000.00','41000','2019-10-09 10:33:42',1),(712,'Cells',396,'update','value','22.00','304','2019-10-09 10:33:42',1),(713,'Cells',400,'update','value','585.32','477.26','2019-10-09 10:48:10',1),(714,'Cells',408,'update','value','7500.00','8000.00','2019-10-09 10:48:19',1),(715,'Cells',394,'update','value','41000.00','41500','2019-10-09 10:48:19',1),(716,'Cells',410,'update','value','7500.00','7650','2019-10-09 10:49:50',1),(717,'Cells',412,'update','value','7512.00','8012','2019-10-09 10:49:51',1),(718,'Cells',422,'insert',NULL,NULL,NULL,'2019-10-09 10:49:51',1),(719,'Cells',398,'update','value','31022.00','41804','2019-10-09 10:49:51',1),(720,'Cells',414,'update','value','750.00','765','2019-10-09 10:49:54',1),(721,'Cells',416,'update','value','751.20','801.2','2019-10-09 10:49:55',1),(722,'Cells',423,'insert',NULL,NULL,NULL,'2019-10-09 10:49:55',1),(723,'Cells',400,'update','value','477.26','643.14','2019-10-09 10:49:55',1),(724,'Cells',418,'update','value','12.00','13.00','2019-10-09 10:50:04',1),(725,'Cells',392,'update','value','65.00','66','2019-10-09 10:50:05',1),(726,'Cells',158,'update','value','57047.17','57248.17','2019-10-09 10:54:23',1),(727,'Cells',423,'update','value','844.33','779.38','2019-10-09 12:33:59',1),(728,'Cells',400,'update','value','643.14','633.39','2019-10-09 12:33:59',1),(729,'Cells',424,'insert',NULL,NULL,NULL,'2019-10-09 12:34:08',1),(730,'Cells',425,'insert',NULL,NULL,NULL,'2019-10-09 12:34:08',1),(731,'Cells',426,'insert',NULL,NULL,NULL,'2019-10-09 12:34:08',1),(732,'Cells',427,'insert',NULL,NULL,NULL,'2019-10-09 12:34:08',1),(733,'Cells',428,'insert',NULL,NULL,NULL,'2019-10-09 12:34:09',1),(734,'Cells',429,'insert',NULL,NULL,NULL,'2019-10-09 12:34:09',1),(735,'Cells',430,'insert',NULL,NULL,NULL,'2019-10-09 12:34:09',1),(736,'Cells',431,'insert',NULL,NULL,NULL,'2019-10-09 12:34:09',1),(737,'Cells',432,'insert',NULL,NULL,NULL,'2019-10-09 12:34:09',1),(738,'Cells',433,'insert',NULL,NULL,NULL,'2019-10-09 12:52:55',1),(739,'Cells',396,'update','value','304.00','1304','2019-10-09 12:52:55',1),(740,'Cells',411,'update','value','7500.00','8500','2019-10-09 12:52:57',1),(741,'Cells',398,'update','value','41804.00','42804','2019-10-09 12:52:58',1),(742,'Cells',415,'update','value','750.00','850','2019-10-09 12:53:04',1),(743,'Cells',400,'update','value','633.39','648.55','2019-10-09 12:53:04',1),(744,'Cells',427,'update','value','7502.72','8502.72','2019-10-09 12:55:19',1),(745,'Cells',432,'update','value','41806.72','42806.72','2019-10-09 12:55:20',1),(746,'Cells',419,'update','value','10000.00','1000.00','2019-10-09 12:55:56',1),(747,'Cells',434,'insert',NULL,NULL,NULL,'2019-10-09 12:55:56',1),(748,'Cells',435,'insert',NULL,NULL,NULL,'2019-10-09 12:55:56',1),(749,'Cells',436,'insert',NULL,NULL,NULL,'2019-10-09 12:55:56',1),(750,'Cells',394,'update','value','41500.00','32600','2019-10-09 12:55:56',1),(751,'Cells',437,'insert',NULL,NULL,NULL,'2019-10-09 12:55:56',1),(752,'Cells',438,'insert',NULL,NULL,NULL,'2019-10-09 12:55:56',1),(753,'Cells',422,'update','value','10132.00','1132','2019-10-09 12:56:00',1),(754,'Cells',439,'insert',NULL,NULL,NULL,'2019-10-09 12:56:00',1),(755,'Cells',398,'update','value','42804.00','33904','2019-10-09 12:56:00',1),(756,'Cells',423,'update','value','779.38','87.08','2019-10-09 12:56:00',1),(757,'Cells',400,'update','value','648.55','513.7','2019-10-09 12:56:00',1),(758,'Cells',440,'insert',NULL,NULL,NULL,'2019-10-09 12:56:01',1),(759,'Cells',441,'insert',NULL,NULL,NULL,'2019-10-09 12:56:01',1),(760,'Cells',430,'update','value','10134.72','2336.72','2019-10-09 12:56:01',1),(761,'Cells',442,'insert',NULL,NULL,NULL,'2019-10-09 12:56:01',1),(762,'Cells',432,'update','value','42806.72','36219.72','2019-10-09 12:56:02',1),(763,'Cells',443,'insert',NULL,NULL,NULL,'2019-10-09 12:56:28',1),(764,'Cells',444,'insert',NULL,NULL,NULL,'2019-10-09 12:56:28',1),(765,'Cells',445,'insert',NULL,NULL,NULL,'2019-10-09 12:56:28',1),(766,'Cells',446,'insert',NULL,NULL,NULL,'2019-10-09 12:56:28',1),(767,'Cells',447,'insert',NULL,NULL,NULL,'2019-10-09 12:56:28',1),(768,'Cells',448,'insert',NULL,NULL,NULL,'2019-10-09 12:56:32',1),(769,'Cells',449,'insert',NULL,NULL,NULL,'2019-10-09 12:56:32',1),(770,'Cells',450,'insert',NULL,NULL,NULL,'2019-10-09 12:56:32',1),(771,'Cells',451,'insert',NULL,NULL,NULL,'2019-10-09 12:56:32',1),(772,'Cells',452,'insert',NULL,NULL,NULL,'2019-10-09 12:56:32',1),(773,'Cells',453,'insert',NULL,NULL,NULL,'2019-10-09 14:32:17',1),(774,'Cells',454,'insert',NULL,NULL,NULL,'2019-10-09 14:32:17',1),(775,'Cells',455,'insert',NULL,NULL,NULL,'2019-10-09 14:32:17',1),(776,'Cells',456,'insert',NULL,NULL,NULL,'2019-10-09 14:32:17',1),(777,'Cells',457,'insert',NULL,NULL,NULL,'2019-10-09 14:32:17',1),(778,'Cells',458,'insert',NULL,NULL,NULL,'2019-10-09 14:32:17',1),(779,'Cells',459,'insert',NULL,NULL,NULL,'2019-10-09 14:32:17',1),(780,'Cells',392,'update','value','66.00','78','2019-10-09 14:32:17',1),(781,'Cells',394,'update','value','32600.00','33610','2019-10-09 14:32:17',1),(782,'Cells',437,'update','value','1111.00','1145','2019-10-09 14:32:17',1),(783,'Cells',460,'insert',NULL,NULL,NULL,'2019-10-09 14:32:17',1),(784,'Cells',447,'update','value','7988.00','8100','2019-10-09 14:32:17',1),(785,'Cells',461,'insert',NULL,NULL,NULL,'2019-10-09 14:32:17',1),(786,'Cells',462,'insert',NULL,NULL,NULL,'2019-10-09 14:32:24',1),(787,'Cells',398,'update','value','33904.00','34914','2019-10-09 14:32:24',1),(788,'Cells',463,'insert',NULL,NULL,NULL,'2019-10-09 14:32:24',1),(789,'Cells',400,'update','value','513.70','447.62','2019-10-09 14:32:24',1),(790,'Cells',464,'insert',NULL,NULL,NULL,'2019-10-09 14:32:24',1),(791,'Cells',441,'update','value','1202.00','1213','2019-10-09 14:32:24',1),(792,'Cells',465,'insert',NULL,NULL,NULL,'2019-10-09 14:32:25',1),(793,'Cells',452,'update','value','7988.00','8212','2019-10-09 14:32:25',1),(794,'Cells',466,'insert',NULL,NULL,NULL,'2019-10-09 14:32:25',1),(795,'Cells',467,'insert',NULL,NULL,NULL,'2019-10-09 14:32:25',1),(796,'Cells',468,'insert',NULL,NULL,NULL,'2019-10-09 14:32:25',1),(797,'Cells',432,'update','value','36219.72','37274.72','2019-10-09 14:32:25',1),(798,'Cells',469,'insert',NULL,NULL,NULL,'2019-10-09 14:33:22',1),(799,'Cells',470,'insert',NULL,NULL,NULL,'2019-10-09 14:33:22',1),(800,'Cells',471,'insert',NULL,NULL,NULL,'2019-10-09 14:33:22',1),(801,'Cells',472,'insert',NULL,NULL,NULL,'2019-10-09 14:33:22',1),(802,'Cells',473,'insert',NULL,NULL,NULL,'2019-10-09 14:33:22',1),(803,'Cells',474,'insert',NULL,NULL,NULL,'2019-10-09 14:33:22',1),(804,'Cells',475,'insert',NULL,NULL,NULL,'2019-10-09 14:33:33',1),(805,'Cells',476,'insert',NULL,NULL,NULL,'2019-10-09 14:33:33',1),(806,'Cells',477,'insert',NULL,NULL,NULL,'2019-10-09 14:33:33',1),(807,'Cells',390,'update','value','11156.00','35530','2019-10-09 14:33:33',1),(808,'Cells',387,'update','value','2477.00','125798','2019-10-09 14:33:33',1),(809,'Cells',469,'update','value','10.00','123331','2019-10-09 14:33:35',1),(810,'Cells',474,'update','value','2639.00','125960','2019-10-09 14:33:35',1);
/*!40000 ALTER TABLE `history` ENABLE KEYS */;
UNLOCK TABLES;

--
-- Table structure for table `linesdef`
--

DROP TABLE IF EXISTS `linesdef`;
/*!40101 SET @saved_cs_client     = @@character_set_client */;
/*!50503 SET character_set_client = utf8mb4 */;
CREATE TABLE `linesdef` (
  `id` bigint(20) NOT NULL AUTO_INCREMENT,
  `type` varchar(10) NOT NULL,
  `code` varchar(45) NOT NULL,
  `name` varchar(100) NOT NULL,
  `description` varchar(500) DEFAULT NULL,
  `sortOrder` int(3) NOT NULL,
  `isCalculate` tinyint(4) DEFAULT '0',
  `calculationRule` varchar(100) DEFAULT NULL,
  `validityEndDate` datetime NOT NULL DEFAULT '2099-12-31 00:00:00',
  `hasAutoSum` tinyint(4) NOT NULL DEFAULT '1',
  `isReadonly` tinyint(4) NOT NULL DEFAULT '0',
  `isHidden` tinyint(4) NOT NULL DEFAULT '0',
  `canNull` tinyint(4) NOT NULL DEFAULT '0',
  PRIMARY KEY (`id`),
  UNIQUE KEY `lineCode_UNIQUE` (`code`)
) ENGINE=InnoDB AUTO_INCREMENT=74 DEFAULT CHARSET=utf8mb4 COLLATE=utf8mb4_0900_ai_ci;
/*!40101 SET character_set_client = @saved_cs_client */;

--
-- Dumping data for table `linesdef`
--

LOCK TABLES `linesdef` WRITE;
/*!40000 ALTER TABLE `linesdef` DISABLE KEYS */;
INSERT INTO `linesdef` VALUES (53,'MENS','BRUT','Brut - Cadre (€)','',100,0,'','2099-12-31 00:00:00',1,0,0,0),(54,'MENS','NET_PAYE','Net payé (€)','',110,0,'','2099-12-31 00:00:00',1,0,0,0),(55,'MENS','NET','Net avant PAS (€)','',120,0,'','2099-12-31 00:00:00',1,0,0,0),(56,'MENS','COUT_TOTAL','COÛT TOTAL POUR L\'EMPLOYEUR','',199,1,'[BRUT]+[NET]','2099-12-31 00:00:00',1,1,0,0),(57,'MENS','JOURS','NbJours travaillés','',200,0,'','2099-12-31 00:00:00',1,0,0,0),(58,'MENS','TJ','TJM','',210,1,'[PROD_TOTAL] / [JOURS]','2099-12-31 00:00:00',1,1,0,0),(59,'MENS','PREST','Presta services 20%','',220,0,'','2099-12-31 00:00:00',1,0,0,0),(60,'MENS','PREST_AUTRE','Prod. activités annexes','',230,0,'','2099-12-31 00:00:00',1,0,0,0),(61,'MENS','PROD_TOTAL','PRODUCTION TOTALE','',299,1,'[PREST] + [PREST_AUTRE]','2099-12-31 00:00:00',1,1,0,0),(62,'MENS','ACHAT_FO','ACHATS FO CONSO','',399,0,'','2099-12-31 00:00:00',1,0,0,0),(63,'MENS','GESTION','Prestations Gestion Lascii','',400,0,'','2099-12-31 00:00:00',1,0,0,0),(64,'MENS','CHARGE_EXT_FIXE','Charges externes fixes','',410,0,'','2099-12-31 00:00:00',1,0,0,0),(65,'MENS','LOC_VL','Location véhicules','',420,0,'','2099-12-31 00:00:00',1,0,0,0),(66,'MENS','FRAIS_DEPL','Frais déplacements','',430,0,'','2099-12-31 00:00:00',1,0,0,0),(67,'MENS','CHARGE_EXT','AUTRES CHARGES EXTERNES','',499,1,'[GESTION]+[CHARGE_EXT_FIXE]+[LOC_VL]+[FRAIS_DEPL]','2099-12-31 00:00:00',1,1,0,0),(68,'MENS','TAXES','IMPOTS ET TAXES','',599,0,'','2099-12-31 00:00:00',1,0,0,0),(69,'MENS','CHARGE_PERSO_FIXE','Charges de personnel fixes','',600,0,'','2099-12-31 00:00:00',1,0,0,0),(70,'MENS','CHARGE_PERSO_VAR','Charges de personnel variables','',610,0,'','2099-12-31 00:00:00',1,0,0,0),(71,'MENS','INTERESS','Interessement Forfait Social','',620,0,'','2099-12-31 00:00:00',1,0,0,0),(72,'MENS','CHARGE_PERSO','CHARGES DE PERSONNEL','',699,1,'[CHARGE_PERSO_FIXE]+[CHARGE_PERSO_VAR]+[INTERESS]','2099-12-31 00:00:00',1,0,0,0),(73,'MENS','TRESO','E.B.E. APPROCHÉ*','',999,1,'[PROD_TOTAL]+[ACHAT_FO]+[CHARGE_EXT]+[TAXES]+[CHARGE_PERSO]','2099-12-31 00:00:00',1,0,0,0);
/*!40000 ALTER TABLE `linesdef` ENABLE KEYS */;
UNLOCK TABLES;

--
-- Table structure for table `reports`
--

DROP TABLE IF EXISTS `reports`;
/*!40101 SET @saved_cs_client     = @@character_set_client */;
/*!50503 SET character_set_client = utf8mb4 */;
CREATE TABLE `reports` (
  `id` bigint(20) NOT NULL AUTO_INCREMENT,
  `name` varchar(256) NOT NULL,
  `description` text,
  PRIMARY KEY (`id`)
) ENGINE=InnoDB AUTO_INCREMENT=4 DEFAULT CHARSET=utf8mb4 COLLATE=utf8mb4_0900_ai_ci;
/*!40101 SET character_set_client = @saved_cs_client */;

--
-- Dumping data for table `reports`
--

LOCK TABLES `reports` WRITE;
/*!40000 ALTER TABLE `reports` DISABLE KEYS */;
INSERT INTO `reports` VALUES (1,'Paye',NULL),(2,'Comptable',NULL);
/*!40000 ALTER TABLE `reports` ENABLE KEYS */;
UNLOCK TABLES;

--
-- Table structure for table `reportsitem`
--

DROP TABLE IF EXISTS `reportsitem`;
/*!40101 SET @saved_cs_client     = @@character_set_client */;
/*!50503 SET character_set_client = utf8mb4 */;
CREATE TABLE `reportsitem` (
  `id` bigint(20) NOT NULL AUTO_INCREMENT,
  `idReports` bigint(20) NOT NULL,
  `idLinesDef` bigint(20) NOT NULL,
  `sortOrder` int(3) unsigned DEFAULT NULL,
  PRIMARY KEY (`id`),
  KEY `lindef_FK_idx` (`idLinesDef`) /*!80000 INVISIBLE */,
  KEY `FK1_idx` (`idReports`),
  CONSTRAINT `FK1` FOREIGN KEY (`idReports`) REFERENCES `reports` (`id`),
  CONSTRAINT `FK2` FOREIGN KEY (`idLinesDef`) REFERENCES `linesdef` (`id`)
) ENGINE=InnoDB AUTO_INCREMENT=22 DEFAULT CHARSET=utf8mb4 COLLATE=utf8mb4_0900_ai_ci;
/*!40101 SET character_set_client = @saved_cs_client */;

--
-- Dumping data for table `reportsitem`
--

LOCK TABLES `reportsitem` WRITE;
/*!40000 ALTER TABLE `reportsitem` DISABLE KEYS */;
INSERT INTO `reportsitem` VALUES (1,1,53,100),(2,1,54,110),(3,1,55,120),(4,1,56,199),(5,2,57,200),(6,2,58,210),(7,2,59,220),(8,2,60,230),(9,2,61,299),(10,2,62,399),(11,2,63,400),(12,2,64,410),(13,2,65,420),(14,2,66,430),(15,2,67,499),(16,2,68,599),(17,2,69,600),(18,2,70,610),(19,2,71,620),(20,2,72,699),(21,2,73,999);
/*!40000 ALTER TABLE `reportsitem` ENABLE KEYS */;
UNLOCK TABLES;

--
-- Table structure for table `taux`
--

DROP TABLE IF EXISTS `taux`;
/*!40101 SET @saved_cs_client     = @@character_set_client */;
/*!50503 SET character_set_client = utf8mb4 */;
CREATE TABLE `taux` (
  `id` int(11) NOT NULL AUTO_INCREMENT,
  `year` int(4) NOT NULL,
  `name` varchar(256) NOT NULL,
  `code` varchar(20) NOT NULL,
  `value` decimal(10,3) NOT NULL,
  `description` text NOT NULL,
  `created` timestamp NOT NULL DEFAULT CURRENT_TIMESTAMP,
  `createdBy` int(11) DEFAULT NULL,
  `modified` timestamp NOT NULL DEFAULT CURRENT_TIMESTAMP ON UPDATE CURRENT_TIMESTAMP,
  `modifiedBy` int(11) DEFAULT NULL,
  PRIMARY KEY (`id`)
) ENGINE=InnoDB DEFAULT CHARSET=utf8;
/*!40101 SET character_set_client = @saved_cs_client */;

--
-- Dumping data for table `taux`
--

LOCK TABLES `taux` WRITE;
/*!40000 ALTER TABLE `taux` DISABLE KEYS */;
/*!40000 ALTER TABLE `taux` ENABLE KEYS */;
UNLOCK TABLES;

--
-- Table structure for table `type`
--

DROP TABLE IF EXISTS `type`;
/*!40101 SET @saved_cs_client     = @@character_set_client */;
/*!50503 SET character_set_client = utf8mb4 */;
CREATE TABLE `type` (
  `id` bigint(20) unsigned NOT NULL,
  `scope` varchar(100) NOT NULL,
  `name` varchar(100) NOT NULL,
  `sortOrder` int(3) unsigned DEFAULT NULL,
  `color` varchar(50) DEFAULT NULL,
  `description` mediumtext,
  PRIMARY KEY (`id`),
  KEY `typeScope` (`scope`)
) ENGINE=InnoDB DEFAULT CHARSET=utf8;
/*!40101 SET character_set_client = @saved_cs_client */;

--
-- Dumping data for table `type`
--

LOCK TABLES `type` WRITE;
/*!40000 ALTER TABLE `type` DISABLE KEYS */;
INSERT INTO `type` VALUES (1,'UserStatus','Actif',10,'bg-success',NULL),(2,'UserStatus','Inactif',20,'bg-secondary',NULL),(3,'UserStatus','Enregistré',30,'bg-warning',NULL),(5,'AssociateStatus','Actif/Employé',10,'bg-success',NULL),(6,'AssociateStatus','Inactif',20,'bg-secondary',NULL),(8,'UserProfile','Associé',10,'bg-light',NULL),(9,'UserProfile','Invité',90,NULL,NULL),(10,'UserProfile','Admin',20,'bg-info',NULL);
/*!40000 ALTER TABLE `type` ENABLE KEYS */;
UNLOCK TABLES;

--
-- Table structure for table `users`
--

DROP TABLE IF EXISTS `users`;
/*!40101 SET @saved_cs_client     = @@character_set_client */;
/*!50503 SET character_set_client = utf8mb4 */;
CREATE TABLE `users` (
  `id` bigint(20) NOT NULL AUTO_INCREMENT,
  `name` varchar(32) NOT NULL,
  `email` varchar(64) DEFAULT NULL,
  `password` varchar(512) NOT NULL,
  `idUserProfile` bigint(20) NOT NULL COMMENT '1=Associé,2=invité,9=Admin',
  `idUserStatus` bigint(20) NOT NULL COMMENT '1=actif,2=inactif,3=register,9=archive',
  `creationDateTime` timestamp NOT NULL DEFAULT CURRENT_TIMESTAMP,
  `createdBy` bigint(20) DEFAULT NULL,
  `lastUpdateDateTime` timestamp NOT NULL DEFAULT CURRENT_TIMESTAMP,
  `lastUpdateBy` bigint(20) DEFAULT NULL,
  PRIMARY KEY (`id`)
) ENGINE=InnoDB AUTO_INCREMENT=56 DEFAULT CHARSET=utf8 COMMENT='Users of application';
/*!40101 SET character_set_client = @saved_cs_client */;

--
-- Dumping data for table `users`
--

LOCK TABLES `users` WRITE;
/*!40000 ALTER TABLE `users` DISABLE KEYS */;
INSERT INTO `users` VALUES (1,'admin','admin@admin.com','$2y$10$vsT3nOn2j2k.DpTw9VtCGeAikwt5nJbH1GadPWLK1UaebfWQA1BwS',10,1,'2019-08-04 14:26:18',1,'2019-08-22 21:15:51',1),(2,'mamath','mathieu.beau@gmail.com','$2y$10$4ZC.aoIS9IJuJ3QSxOyGE.u50vTuS2smKfQkClYmkVuDxOZRUM8lK',10,1,'2019-08-04 14:25:47',1,'2019-08-22 21:15:51',1),(23,'Math - test -- ok','a.a@a.com','Test4',9,2,'2019-08-07 00:20:21',1,'2019-08-30 13:11:36',1),(34,'ccss - test UPDATEassscaa','mathieu.beau@gssc','$2y$10$oXBCNSyIFXANZqfaalKx8uoKuU3n1e5RkkH3ZLbacVz5k6mshmyq6',8,3,'2019-08-07 00:20:25',1,'2019-09-03 14:25:17',1),(41,'ccss - test UPDATEassscaa','matddcvdieu.beau@gssc','$2y$10$ltYKJgJ6GGrjVFeDZ5jvneAfv7TNlE8ZhyGVLPySoc7cpZf/MwDee',9,3,'2019-09-04 15:22:41',1,'2019-09-04 15:22:41',1),(43,'ccss - test UPDATEassscaa','matddcvdieu.beau@gsscdcdc','$2y$10$y5b9/LU16q5zhjZu5ai20O7CFnQJVNfGH11FH54eWMU7PpNcXnCOq',9,3,'2019-09-04 15:49:33',1,'2019-09-04 15:49:33',1),(55,'AAtestAAAA','AA@aa1023.a','smcdclsmdcl',8,1,'2019-10-04 13:32:15',1,'2019-10-04 13:32:15',1);
/*!40000 ALTER TABLE `users` ENABLE KEYS */;
UNLOCK TABLES;
/*!40103 SET TIME_ZONE=@OLD_TIME_ZONE */;

/*!40101 SET SQL_MODE=@OLD_SQL_MODE */;
/*!40014 SET FOREIGN_KEY_CHECKS=@OLD_FOREIGN_KEY_CHECKS */;
/*!40014 SET UNIQUE_CHECKS=@OLD_UNIQUE_CHECKS */;
/*!40101 SET CHARACTER_SET_CLIENT=@OLD_CHARACTER_SET_CLIENT */;
/*!40101 SET CHARACTER_SET_RESULTS=@OLD_CHARACTER_SET_RESULTS */;
/*!40101 SET COLLATION_CONNECTION=@OLD_COLLATION_CONNECTION */;
/*!40111 SET SQL_NOTES=@OLD_SQL_NOTES */;

-- Dump completed on 2019-10-10 15:23:33
